Voltage_V,Current_A,Temperature_C,PWM_Duty_Cycle_Percent,SOC_Percent,Supercapacitor_Voltage_V,Solar_Irradiance_Wm2,Battery_Capacity_mAh,Battery_Internal_Resistance_Ohm,Charging_Efficiency_Percent,Time_of_Day_Hour,Cloud_Cover_Percent,Battery_Age_Cycles,Load_Connected_W,Actual_Charging_Time_Min
3.322,1.057,30.44,38.47,25.93,3.79,466.57,2000,0.0634,83.5,10.24,44.95,282,0.0,99.49
3.61,0.499,14.82,23.94,44.7,3.064,178.06,4000,0.0509,80.37,18.31,25.21,204,1.0,600.0
3.476,1.353,30.74,40.96,38.47,4.681,673.68,3000,0.0521,81.4,15.25,21.81,25,0.0,98.42
3.796,1.201,27.7,33.68,67.29,3.931,569.98,2000,0.0647,81.3,13.38,41.94,132,0.5,46.87
3.718,0.779,28.87,22.87,63.75,3.71,348.85,4000,0.0803,83.23,7.18,42.81,231,0.0,137.32
3.616,0.882,31.79,30.85,50.97,3.26,323.15,3000,0.0975,77.16,7.18,27.91,301,0.0,145.2
3.838,0.44,9.47,12.15,70.78,3.165,129.07,3000,0.0398,79.09,5.81,22.26,4,3.0,600.0
3.628,0.91,15.58,27.72,50.01,3.589,344.23,2000,0.0841,73.76,17.13,14.06,442,1.5,257.07
3.895,1.805,27.13,59.77,82.15,4.628,890.89,5000,0.0668,89.37,13.42,8.15,168,3.0,69.17
3.259,1.409,34.56,47.48,22.38,4.234,666.3,6000,0.0738,76.17,14.91,26.85,334,2.0,600.0
3.767,0.1,20.81,10.0,62.13,3.038,56.85,2000,0.0558,82.43,5.29,39.0,329,0.0,577.88
3.422,0.108,12.27,10.0,34.6,2.994,50.0,3000,0.0519,75.66,18.58,48.73,42,1.5,600.0
3.311,0.563,26.85,17.21,27.32,3.519,329.41,3000,0.0609,83.53,16.65,52.87,23,0.0,287.34
3.216,0.802,20.37,17.11,19.43,3.401,304.37,2000,0.0753,83.57,7.97,53.18,255,0.5,198.75
3.535,0.692,28.29,27.76,49.2,3.618,392.37,5000,0.0596,86.62,7.55,32.06,34,3.0,600.0
3.286,1.292,26.68,44.33,22.24,4.014,523.07,6000,0.0927,83.38,7.57,15.76,379,0.0,271.44
3.274,1.666,22.94,63.1,21.03,4.367,694.9,4000,0.0656,81.53,9.26,21.79,259,0.5,157.05
3.94,1.447,29.63,50.79,84.24,4.61,684.83,2000,0.0875,77.98,12.35,34.76,368,0.0,13.91
3.868,1.611,35.81,53.32,69.14,4.397,653.14,6000,0.0418,76.6,11.05,30.51,71,2.0,147.99
3.746,1.186,17.75,32.11,64.86,3.77,536.61,6000,0.0525,85.81,9.08,41.1,76,0.0,123.49
3.803,1.471,30.68,40.87,68.52,4.468,673.42,3000,0.0727,81.06,13.57,23.84,222,2.0,89.37
4.083,0.653,16.93,26.99,82.51,3.367,305.66,4000,0.0506,82.39,6.95,30.56,6,1.0,149.3
3.69,1.568,27.15,55.08,50.86,4.36,704.74,2000,0.063,85.4,9.09,22.43,259,1.0,58.71
3.199,1.724,31.11,64.79,22.62,4.978,769.26,3000,0.0752,81.19,10.13,22.83,361,1.0,121.7
3.824,0.871,39.94,33.69,73.98,3.592,392.92,3000,0.0636,77.43,11.38,60.14,107,0.5,94.8
3.72,1.134,24.89,35.93,64.42,3.576,537.94,5000,0.0872,84.73,15.99,18.61,289,1.0,164.55
3.537,0.863,31.86,17.25,38.14,3.566,408.49,6000,0.0517,79.91,7.8,33.22,38,0.0,321.56
3.484,1.778,25.78,62.29,42.89,4.901,807.45,2000,0.0551,79.36,12.2,15.36,77,1.5,65.44
3.381,1.313,26.96,38.69,37.9,3.69,504.13,2000,0.1325,82.24,13.29,58.96,732,1.5,136.22
4.014,0.18,22.02,10.0,79.4,2.976,104.34,2000,0.1281,74.93,5.65,13.6,858,0.5,600.0
3.419,1.766,30.24,60.92,32.48,4.496,804.96,3000,0.0816,80.68,13.51,14.53,143,0.5,101.14
4.097,0.872,21.91,25.91,82.08,3.632,316.89,5000,0.0909,78.49,7.39,46.96,544,1.0,128.51
3.963,0.225,17.99,10.0,77.82,2.694,112.96,4000,0.0752,79.01,5.91,34.71,147,2.0,600.0
3.664,0.217,25.92,10.0,55.44,2.797,134.78,3000,0.0622,87.34,18.28,22.44,68,1.5,600.0
3.629,0.1,17.2,10.0,51.39,2.551,50.0,4000,0.0803,82.3,18.52,38.07,62,3.0,600.0
3.393,0.813,19.16,21.92,34.61,3.765,420.06,5000,0.0918,77.23,16.32,25.27,530,1.5,600.0
3.143,1.728,23.27,52.35,6.47,4.877,736.41,6000,0.0304,80.13,9.26,19.18,37,1.0,291.49
3.25,0.506,24.31,15.68,15.21,3.327,301.97,2000,0.0798,84.15,6.37,21.78,173,0.5,394.39
3.705,0.976,39.09,27.79,65.34,3.507,370.14,4000,0.0515,70.38,14.58,54.7,162,0.0,125.18
3.56,1.505,27.14,47.57,42.72,4.202,666.05,3000,0.0831,82.53,11.16,43.2,269,2.0,151.71
3.15,0.726,32.59,21.98,16.99,3.098,338.78,4000,0.0756,84.68,6.71,33.75,138,3.0,600.0
3.434,1.896,29.94,73.84,26.12,4.708,844.35,6000,0.0601,82.57,11.93,28.01,63,0.0,173.23
4.046,0.309,17.25,14.14,80.83,2.563,115.45,2000,0.056,85.02,5.48,20.47,37,1.0,600.0
3.356,0.366,16.15,11.61,34.37,2.618,181.84,4000,0.0733,75.98,17.73,19.78,193,0.0,600.0
3.943,1.125,25.35,39.75,77.61,3.858,503.56,6000,0.0837,88.82,8.62,42.01,253,0.0,80.05
3.402,1.833,24.5,65.71,29.37,4.465,760.24,3000,0.0727,86.65,14.28,9.46,168,0.0,84.22
3.55,1.775,23.53,60.6,48.46,4.864,765.67,5000,0.0646,83.54,9.36,6.83,268,0.0,102.95
3.011,1.481,21.71,44.2,6.64,4.256,706.64,3000,0.0712,81.56,12.28,37.34,30,0.5,166.25
3.566,1.746,38.68,57.52,46.75,4.814,799.39,2000,0.0933,73.5,12.65,18.15,428,0.5,62.65
3.663,0.451,29.36,10.17,55.96,3.386,276.98,3000,0.0726,81.49,7.59,46.88,174,0.5,363.62
3.239,0.251,19.86,10.0,23.74,2.995,83.57,3000,0.0598,86.2,18.57,44.18,27,0.5,600.0
3.678,1.424,24.61,46.67,51.31,4.085,594.75,3000,0.0739,79.85,15.85,27.31,123,0.5,97.46
3.617,0.319,19.57,15.9,56.77,3.259,181.54,3000,0.0977,79.65,18.15,44.17,372,1.0,600.0
3.714,0.771,17.35,21.72,59.95,3.261,237.72,2000,0.0968,80.23,17.53,45.15,455,3.0,600.0
3.814,1.593,23.69,48.72,67.11,4.347,593.56,6000,0.0568,86.72,13.37,51.43,61,0.0,78.23
3.374,0.536,23.83,14.27,29.91,3.619,234.68,4000,0.0789,84.6,17.91,19.85,248,1.0,600.0
3.662,0.566,19.31,15.82,50.42,3.25,284.07,5000,0.0631,78.16,6.24,5.62,21,3.0,600.0
3.99,1.428,26.04,46.0,83.53,4.215,616.16,4000,0.0395,87.9,7.74,1.31,6,0.0,23.51
3.792,0.1,10.73,10.0,76.85,2.564,50.0,4000,0.0728,77.84,5.63,44.22,164,1.0,600.0
3.955,1.643,26.44,50.83,81.21,4.665,680.91,5000,0.0648,79.13,9.55,25.63,237,0.0,40.16
3.467,1.929,23.41,64.87,35.89,5.316,841.41,2000,0.1002,81.58,10.44,12.01,317,0.0,61.05
3.808,1.329,29.11,44.95,67.95,4.214,574.49,5000,0.062,76.69,8.8,29.07,83,0.5,104.9
3.648,1.047,28.55,37.67,54.59,3.223,383.29,2000,0.0459,85.22,16.6,24.84,1,0.0,60.12
3.166,1.578,35.95,51.54,11.62,4.291,721.53,4000,0.0673,78.92,9.99,27.31,130,0.0,172.92
3.884,1.267,23.8,46.38,70.92,4.321,582.78,2000,0.0504,80.65,8.93,23.1,3,0.0,34.26
3.621,1.531,24.24,52.88,59.17,4.005,635.84,6000,0.0503,83.65,12.6,39.78,19,0.0,113.25
3.25,0.757,20.43,26.87,20.91,3.34,351.87,5000,0.0398,80.28,6.97,12.28,79,0.0,392.47
3.127,1.312,20.97,40.99,11.38,3.755,506.86,6000,0.0512,80.41,16.23,24.43,114,0.0,320.24
3.867,0.552,22.27,19.77,71.96,3.027,198.79,4000,0.0551,76.51,6.04,16.91,65,3.0,600.0
3.037,0.1,10.86,10.0,11.31,2.688,50.0,5000,0.0505,72.6,18.82,36.3,174,0.0,600.0
3.214,1.069,16.65,32.66,12.31,3.623,550.2,4000,0.0452,80.67,15.81,15.94,11,1.0,376.26
3.471,1.075,22.77,41.81,39.19,3.659,536.97,6000,0.0481,82.58,7.78,9.8,31,1.5,482.52
3.211,0.165,21.24,18.61,15.78,2.455,93.75,4000,0.0659,84.35,5.08,32.59,237,0.0,600.0
4.025,0.827,18.89,24.28,78.09,3.167,346.06,5000,0.0607,80.26,16.42,30.65,30,3.0,600.0
3.533,1.881,31.51,60.34,42.62,4.628,779.05,5000,0.0616,78.98,14.9,7.67,204,0.5,131.35
3.529,1.068,28.51,33.37,50.53,3.846,479.37,4000,0.052,81.98,15.21,47.29,11,0.0,132.71
3.947,0.913,33.19,23.9,79.25,3.905,440.97,5000,0.0569,80.08,15.8,31.57,104,2.0,279.04
3.603,0.586,16.08,15.17,47.42,3.332,264.24,5000,0.0527,81.17,6.04,20.63,39,2.0,600.0
3.402,2.049,20.65,72.58,33.29,4.84,900.63,4000,0.0684,81.74,10.02,3.87,23,0.0,99.91
3.911,0.601,24.61,19.62,68.77,3.11,206.96,6000,0.0685,85.13,6.62,41.69,167,1.5,600.0
3.442,0.62,23.78,30.27,40.43,3.305,217.9,5000,0.1064,86.93,17.08,30.53,527,0.0,373.29
3.428,1.398,30.01,45.16,30.48,4.253,659.28,5000,0.0434,80.3,13.73,36.04,11,3.0,600.0
3.796,1.478,22.9,51.34,62.86,4.157,630.27,5000,0.0672,84.37,9.63,31.97,109,0.0,90.69
3.834,0.226,23.59,10.0,69.13,2.684,136.83,5000,0.0803,82.42,5.89,6.04,245,1.5,600.0
3.837,1.341,24.53,44.14,68.34,4.047,626.29,4000,0.0673,86.89,9.35,21.77,124,0.5,79.45
3.95,1.457,29.03,49.01,83.21,4.261,595.43,6000,0.0707,81.17,9.55,42.34,328,0.0,52.11
3.8,1.343,24.37,34.23,67.93,4.134,599.48,6000,0.048,82.22,15.21,8.58,39,0.5,113.61
3.828,1.749,30.53,54.17,66.59,4.913,741.3,2000,0.1284,73.86,13.93,24.11,641,0.0,28.84
3.876,0.751,15.53,28.2,73.6,3.201,306.71,5000,0.0528,82.02,17.42,10.68,97,2.0,600.0
3.063,1.569,32.45,55.22,5.01,4.545,693.97,5000,0.074,77.9,11.61,39.4,83,0.0,234.88
3.458,0.656,25.04,15.63,33.99,3.325,274.03,2000,0.086,85.01,6.67,25.57,415,1.0,319.39
3.673,1.265,27.68,40.36,64.01,3.976,547.64,6000,0.068,84.14,14.99,38.41,165,0.0,122.14
3.654,0.879,33.99,17.44,52.98,3.606,437.29,3000,0.0626,80.26,15.65,36.61,145,0.0,124.22
3.319,1.193,30.78,39.74,19.21,3.993,503.32,3000,0.0675,76.47,12.86,58.16,259,1.0,243.65
3.333,0.781,30.05,32.34,29.3,3.631,374.74,6000,0.059,83.44,15.79,56.22,173,0.5,521.86
3.321,2.015,30.46,73.69,31.94,5.087,933.66,5000,0.0465,87.24,11.91,8.84,35,0.0,98.5
3.586,1.745,34.11,64.49,50.43,4.576,730.01,3000,0.0739,78.03,12.32,34.46,224,1.5,95.22
3.782,0.925,21.98,33.46,71.53,3.688,432.94,4000,0.0617,81.26,10.99,60.96,28,0.0,87.43
3.966,0.225,18.49,13.28,79.6,2.308,50.0,4000,0.0835,79.27,5.36,31.41,327,1.0,600.0
3.776,0.392,15.7,12.13,65.01,2.856,124.3,2000,0.1412,75.03,6.51,64.79,915,0.0,180.31
3.885,0.103,19.24,10.0,72.44,2.627,66.15,6000,0.0715,80.18,5.44,22.65,94,1.0,600.0
3.505,1.548,30.7,57.29,42.61,4.618,633.97,6000,0.0621,84.31,13.91,45.32,117,1.0,185.71
3.444,0.87,31.81,30.44,36.18,3.717,399.9,3000,0.0455,87.76,9.4,59.96,9,1.0,240.64
3.46,1.877,32.44,53.6,36.42,4.801,828.97,5000,0.0402,82.81,12.12,13.62,2,3.0,257.46
3.592,0.634,19.08,27.2,54.28,3.294,257.06,6000,0.1135,77.32,17.71,23.61,508,3.0,600.0
3.197,1.152,22.3,37.32,14.94,3.434,417.36,3000,0.0494,84.95,8.49,60.47,27,1.5,310.9
3.689,1.603,17.75,50.09,51.36,4.188,663.78,3000,0.056,84.49,10.75,29.2,118,0.5,77.58
3.65,1.27,26.27,47.24,58.21,3.964,561.51,6000,0.077,82.09,15.58,40.04,337,1.0,192.03
3.497,0.992,31.14,37.28,40.11,3.756,431.88,3000,0.1061,80.22,8.2,45.08,440,1.0,229.87
4.04,0.42,20.75,10.0,81.25,3.107,254.3,2000,0.0589,84.09,6.08,18.48,146,3.0,600.0
3.586,1.448,26.75,47.5,53.66,4.017,593.1,2000,0.0765,80.23,9.06,41.02,166,0.0,53.76
3.311,0.981,23.95,28.17,22.6,3.356,392.36,6000,0.0698,84.06,7.26,34.97,221,1.0,569.96
3.509,0.441,18.02,10.28,43.34,3.0,181.48,5000,0.1029,72.68,18.02,17.56,650,0.5,600.0
3.759,1.278,25.25,27.65,59.03,3.981,530.86,2000,0.0651,81.36,16.31,20.53,184,2.0,95.37
3.329,0.85,26.8,23.25,30.89,3.848,462.94,2000,0.066,86.3,13.87,60.86,163,1.5,298.84
3.136,0.803,17.58,25.92,11.37,3.455,401.07,6000,0.049,84.44,17.2,14.17,2,1.5,600.0
3.544,1.154,24.04,24.28,51.67,3.742,428.28,4000,0.0502,83.65,16.25,43.59,16,0.0,115.84
3.992,0.784,23.61,19.29,80.83,3.264,356.51,3000,0.064,88.07,7.61,30.82,172,2.0,187.02
3.548,0.633,30.69,24.14,43.81,3.125,245.31,2000,0.0971,74.11,17.5,45.5,550,1.0,399.98
3.957,1.356,25.87,38.15,77.49,4.278,629.7,4000,0.0904,80.61,12.55,42.75,403,0.0,53.38
3.886,0.964,23.5,31.36,71.8,3.659,443.79,5000,0.1364,78.35,16.3,27.82,810,3.0,600.0
3.197,0.816,19.9,18.94,16.79,2.945,277.53,4000,0.0504,73.17,17.55,18.52,150,1.5,600.0
3.666,1.021,25.62,36.08,61.65,3.455,456.14,6000,0.094,81.64,9.45,55.53,310,0.5,209.59
3.528,0.673,23.98,20.8,39.84,3.289,272.96,5000,0.0497,78.09,6.54,50.32,367,0.0,351.57
3.298,0.95,36.62,27.06,25.02,3.74,412.05,5000,0.0716,75.09,8.19,32.18,208,0.5,425.56
3.739,1.5,28.04,36.78,59.96,4.338,649.14,4000,0.0629,82.2,10.98,29.4,82,3.0,221.85
3.764,0.903,26.52,25.62,64.41,3.679,387.85,6000,0.0566,77.81,16.45,12.54,126,3.0,600.0
3.331,0.53,12.9,20.99,19.39,3.317,320.25,2000,0.0677,74.32,17.05,44.44,390,2.0,600.0
3.909,0.161,15.69,13.13,78.16,2.784,50.0,4000,0.056,75.07,5.1,57.58,70,2.0,600.0
3.751,1.998,37.77,65.51,65.09,5.03,902.92,2000,0.1031,75.85,12.15,12.38,514,0.0,20.92
3.878,2.102,29.27,69.57,79.67,4.681,846.63,4000,0.0437,83.07,10.84,14.17,52,1.0,28.84
3.37,1.054,27.76,31.76,30.37,3.961,497.92,2000,0.0693,80.47,8.11,18.73,276,0.5,119.9
4.055,0.752,18.65,31.22,80.15,3.518,351.69,4000,0.0795,83.65,6.68,19.13,199,1.0,140.8
3.42,1.759,29.57,57.43,34.48,4.652,666.31,5000,0.0788,79.88,9.73,27.5,276,2.0,241.53
3.123,0.363,27.64,16.57,9.32,3.125,127.93,3000,0.0464,82.84,18.2,25.95,115,0.5,600.0
3.841,1.673,22.17,56.99,66.04,4.607,779.17,5000,0.1084,76.56,9.52,11.6,539,0.0,89.84
3.743,1.257,40.91,42.51,61.28,3.904,545.27,2000,0.0607,69.76,12.26,58.79,200,2.0,133.38
3.694,1.379,19.63,40.87,52.83,4.613,660.49,6000,0.0491,81.72,14.84,14.18,68,0.0,143.84
3.598,1.732,26.35,66.65,44.19,4.658,750.81,5000,0.0723,81.88,10.09,26.71,203,0.0,125.57
3.061,0.257,14.24,15.9,7.57,2.87,148.53,3000,0.0577,85.02,18.6,16.93,67,2.0,600.0
3.588,0.3,17.4,21.38,54.97,2.239,50.0,2000,0.0529,83.21,18.47,50.51,69,0.5,537.42
3.495,1.4,21.89,41.17,38.35,3.978,597.44,5000,0.0552,81.59,8.52,21.52,102,1.5,264.14
3.614,1.718,25.38,58.57,49.82,4.333,732.49,4000,0.0857,82.02,11.96,30.27,382,1.5,127.82
3.42,1.089,21.52,32.33,39.35,3.663,437.35,6000,0.056,85.09,9.21,60.43,138,1.0,353.76
3.954,1.406,30.27,49.1,82.28,4.184,572.07,2000,0.0836,82.43,8.99,22.64,227,0.0,20.58
3.606,0.307,17.55,11.68,53.33,3.105,165.27,5000,0.0442,86.03,5.52,33.0,99,1.0,600.0
3.787,1.689,26.71,54.24,64.94,4.816,739.15,2000,0.0537,81.39,13.53,15.53,61,0.5,26.92
4.009,1.7,31.41,55.53,79.91,4.78,767.73,4000,0.0972,80.12,12.04,26.4,618,1.0,35.28
3.681,0.507,11.8,27.34,52.33,2.597,130.8,3000,0.0779,76.65,5.72,38.71,185,1.0,600.0
3.111,1.261,28.42,41.36,5.97,4.494,655.45,5000,0.1019,79.59,8.9,12.2,543,0.0,298.32
3.078,0.368,20.27,10.0,7.74,3.358,187.4,2000,0.0439,80.95,17.72,23.07,45,2.0,600.0
3.845,1.134,25.46,35.12,61.19,4.207,502.45,2000,0.06,84.11,8.35,33.74,31,1.5,85.5
3.33,0.961,25.26,26.57,27.33,3.395,417.0,2000,0.0658,82.24,7.03,7.24,387,0.0,115.47
3.597,1.568,38.21,47.66,51.35,4.329,684.74,3000,0.0756,79.36,11.85,37.82,228,0.0,85.2
3.186,0.168,19.54,10.0,21.18,2.899,76.0,2000,0.0656,82.52,18.8,31.94,41,0.5,600.0
3.302,1.248,24.85,46.05,26.62,3.785,556.22,6000,0.058,76.95,8.39,19.73,62,0.5,324.35
3.566,1.543,22.16,47.2,45.37,3.977,668.12,6000,0.0771,80.86,14.41,28.72,322,0.5,188.04
3.917,0.761,13.79,22.62,83.05,3.421,314.62,2000,0.0496,83.68,15.66,60.08,120,0.0,37.46
3.604,1.501,26.36,46.55,54.3,3.951,581.69,6000,0.083,82.29,8.33,9.71,222,0.0,129.53
3.935,1.466,20.4,56.47,79.89,3.72,566.82,5000,0.0669,86.91,15.2,27.5,76,1.5,70.81
3.942,1.178,16.15,43.89,81.75,4.124,505.29,6000,0.0531,80.1,10.15,50.46,96,1.0,96.7
3.217,1.702,27.09,60.13,21.65,4.635,770.8,2000,0.1373,71.53,13.85,15.95,935,1.5,138.46
3.415,1.795,30.02,54.66,29.9,4.6,808.35,4000,0.0675,81.1,13.87,21.44,56,3.0,289.84
3.717,1.226,33.64,32.34,66.6,3.937,597.46,5000,0.0694,78.51,12.5,46.32,141,0.5,124.82
3.901,0.509,26.0,23.11,74.34,3.031,181.86,3000,0.0693,80.74,6.26,27.81,372,1.0,326.71
3.584,0.95,27.73,41.25,46.54,3.748,419.76,2000,0.0534,79.83,16.69,18.5,54,0.0,93.23
3.989,1.794,32.43,51.02,84.46,4.666,770.12,3000,0.0584,80.94,9.49,11.46,107,1.5,29.02
3.06,0.712,16.75,34.95,5.93,3.011,298.77,4000,0.0715,78.96,7.61,42.29,190,0.0,441.42
3.346,0.1,18.13,10.0,28.97,2.732,50.0,3000,0.0632,84.87,5.57,64.41,131,0.0,600.0
3.69,1.5,32.35,50.83,54.85,4.537,696.04,2000,0.0572,77.24,13.27,30.83,123,2.0,95.65
3.587,1.204,28.19,33.53,42.54,3.93,549.52,2000,0.0608,83.63,14.49,41.06,90,1.5,120.32
3.108,0.23,17.23,10.0,14.33,2.926,79.85,4000,0.0631,81.49,5.23,19.61,176,0.5,600.0
3.367,2.016,30.13,55.87,34.42,4.758,890.47,2000,0.1036,83.53,12.17,13.89,195,0.0,50.72
3.041,1.325,26.61,49.33,7.04,4.56,660.79,4000,0.0723,81.45,8.17,9.85,211,0.5,240.67
3.676,1.312,28.23,43.33,56.42,4.224,622.44,4000,0.0513,84.17,14.03,36.73,14,0.0,93.48
3.897,0.858,19.45,30.91,76.42,3.463,389.4,2000,0.0883,82.06,7.44,50.74,199,0.0,45.32
3.943,1.451,19.14,54.03,75.79,4.181,639.73,6000,0.0976,72.51,14.67,23.65,612,0.5,96.87
3.699,1.374,28.13,45.33,60.96,4.287,582.02,4000,0.0644,81.39,10.41,40.56,155,0.0,84.51
3.463,0.416,19.99,22.31,42.26,3.042,181.24,2000,0.0656,80.69,18.11,26.49,251,0.0,217.91
3.513,0.768,22.63,21.49,45.96,3.595,354.05,6000,0.0726,82.89,6.93,38.08,162,2.0,600.0
3.197,1.424,33.12,45.39,15.95,4.472,644.12,4000,0.0836,78.63,9.77,22.53,385,1.0,250.6
3.436,0.761,27.19,20.85,32.28,3.284,326.0,6000,0.1088,80.93,6.59,4.52,530,0.0,449.14
3.238,0.432,19.62,18.58,20.02,2.994,171.74,5000,0.0591,88.2,17.95,16.44,40,0.0,600.0
3.82,0.701,21.38,28.94,70.7,3.336,323.06,5000,0.0692,80.72,17.28,19.14,114,3.0,600.0
3.887,1.181,29.18,37.1,78.18,4.25,567.05,6000,0.0651,83.54,8.61,26.16,99,0.0,85.35
3.649,1.543,30.46,44.47,47.95,4.287,683.33,4000,0.0581,85.73,14.24,35.64,103,1.5,138.72
3.671,1.074,21.76,41.96,63.22,3.876,501.21,2000,0.0386,78.01,16.44,8.07,26,2.0,151.89
3.167,2.221,33.09,69.64,14.72,5.5,964.71,3000,0.0936,79.63,12.77,10.85,335,0.0,89.44
3.681,1.912,29.21,61.72,53.68,4.874,776.19,2000,0.0648,78.11,12.42,24.55,7,0.0,31.36
3.725,0.824,25.22,22.1,61.22,3.444,422.05,3000,0.0556,90.19,8.39,54.54,150,1.5,209.68
3.466,0.613,22.96,21.87,41.22,3.278,219.15,3000,0.079,83.88,6.3,33.55,216,0.0,231.88
3.32,0.897,19.64,26.06,24.46,3.658,374.22,4000,0.0429,83.5,17.56,11.19,46,2.0,600.0
3.848,0.596,21.5,23.38,75.19,2.863,213.75,6000,0.0992,73.95,17.61,7.86,472,2.0,600.0
3.686,1.515,30.32,47.69,64.43,4.348,685.64,2000,0.0905,78.21,13.86,22.32,364,0.0,35.47
3.942,1.655,32.4,57.86,76.99,4.47,791.93,6000,0.0584,79.32,9.75,23.93,127,1.0,66.33
3.796,1.166,32.25,34.26,70.47,3.4,505.3,5000,0.0615,86.36,9.89,46.92,105,0.5,104.43
4.017,1.631,28.1,60.48,84.23,4.26,655.88,4000,0.0638,85.43,15.16,10.93,53,3.0,62.81
3.238,0.305,8.11,10.0,20.37,2.892,180.98,4000,0.075,70.83,17.56,35.08,261,2.0,600.0
3.156,0.753,22.73,25.56,11.94,3.293,371.55,5000,0.046,85.21,17.42,11.47,28,1.5,600.0
3.372,0.736,27.17,18.61,31.96,3.311,298.2,2000,0.0606,77.65,15.92,52.1,228,0.5,206.08
3.211,1.211,31.68,40.27,15.32,3.59,555.22,5000,0.083,74.24,13.99,46.29,369,0.0,307.82
3.527,0.51,15.69,11.23,46.85,2.92,150.92,2000,0.0434,81.99,6.18,44.58,51,3.0,600.0
3.707,0.873,12.64,28.88,55.64,3.472,355.42,3000,0.0864,78.77,7.26,45.07,402,0.0,112.79
3.554,0.453,25.13,10.29,51.26,3.265,230.9,4000,0.0459,86.27,17.58,20.78,6,3.0,600.0
3.368,1.148,23.13,37.49,25.74,3.625,530.01,2000,0.1067,85.74,13.49,55.31,487,3.0,600.0
4.035,0.1,23.85,10.0,77.71,3.064,50.0,6000,0.0532,85.41,5.13,24.14,25,1.5,600.0
3.086,0.757,18.21,18.38,6.69,3.765,335.12,6000,0.0962,80.92,6.42,35.22,207,0.0,600.0
3.473,1.055,23.12,34.95,32.84,3.575,450.84,4000,0.0356,80.07,14.29,56.23,57,3.0,600.0
3.842,0.137,19.34,10.0,62.52,2.928,50.0,5000,0.0893,82.18,5.07,6.6,362,2.0,600.0
3.78,0.737,26.3,26.6,66.35,3.691,373.93,5000,0.0598,78.29,7.25,47.8,143,1.5,585.17
3.462,1.592,32.62,62.66,38.29,4.214,660.87,2000,0.0433,87.58,12.68,36.2,29,0.0,44.47
3.036,1.406,30.13,43.14,6.35,4.101,631.4,5000,0.0666,84.03,14.69,40.16,169,0.0,240.84
3.616,1.636,24.95,54.51,54.44,4.468,760.47,4000,0.0594,92.46,14.13,14.48,104,3.0,157.26
3.132,1.32,17.68,52.73,10.05,4.705,601.11,2000,0.0824,81.29,8.14,14.85,216,0.5,120.83
3.082,1.425,25.18,40.62,13.63,4.36,582.23,3000,0.0936,84.06,14.97,26.73,427,0.0,138.07
3.726,1.064,19.98,23.98,57.02,3.713,459.79,5000,0.0536,81.17,8.32,26.65,105,0.0,147.78
3.368,1.688,30.18,58.95,30.0,4.469,730.61,5000,0.0601,82.1,9.56,20.17,68,0.5,166.82
3.428,0.878,30.56,34.47,32.84,3.863,437.6,2000,0.0479,79.47,15.45,51.91,2,0.0,123.56
3.518,1.869,29.4,51.74,43.94,4.887,816.39,6000,0.0558,77.37,14.09,1.26,171,1.0,167.3
4.033,0.903,22.86,28.5,83.29,3.272,353.36,5000,0.0577,83.8,16.89,23.01,102,2.0,202.73
3.999,1.807,26.83,55.15,82.24,4.945,874.55,4000,0.0616,83.29,14.21,8.92,93,1.5,32.56
3.485,1.244,34.59,43.01,38.3,3.929,564.36,5000,0.0547,77.37,12.96,54.37,40,1.5,355.54
3.36,0.491,11.66,16.19,26.24,3.045,188.58,3000,0.0645,75.75,6.31,33.81,112,1.5,600.0
3.287,1.644,22.82,61.35,29.21,4.445,716.52,5000,0.1279,77.17,10.15,22.1,832,3.0,600.0
3.283,1.63,35.65,47.61,26.5,4.782,762.03,6000,0.0602,76.63,8.71,12.23,70,1.0,272.31
3.687,1.022,19.64,36.0,47.58,3.625,432.18,5000,0.0695,82.28,8.42,32.72,183,2.0,555.0
3.653,0.1,21.03,10.0,53.55,2.727,74.67,2000,0.0812,77.64,18.62,10.0,299,0.0,600.0
3.443,1.289,32.93,43.22,44.1,3.775,605.29,5000,0.0779,80.15,10.5,33.76,276,2.0,379.45
3.366,0.462,11.7,10.0,37.64,3.211,236.83,6000,0.0797,75.27,17.49,58.29,79,0.0,600.0
3.259,1.283,20.2,44.85,21.9,3.699,496.73,2000,0.0799,77.96,13.84,54.9,188,0.0,98.84
3.497,1.055,31.03,31.5,43.6,3.662,537.5,4000,0.0939,71.98,16.13,14.44,409,0.0,192.23
3.347,1.405,25.13,38.13,32.29,4.604,688.6,2000,0.0423,84.44,12.04,53.98,3,0.0,66.8
3.67,2.077,24.88,71.09,48.33,4.95,901.55,3000,0.0585,88.34,13.08,4.91,114,1.5,65.05
3.69,2.052,27.39,72.22,59.02,4.534,898.1,2000,0.0712,87.76,11.9,22.69,50,1.5,33.02
3.709,1.053,19.53,32.01,55.66,3.663,483.8,4000,0.0542,82.84,7.73,15.07,98,1.5,224.3
3.516,1.657,29.49,59.41,42.0,4.488,728.53,5000,0.059,76.2,15.11,3.98,107,0.0,142.17
3.579,1.334,21.03,48.68,49.48,4.235,633.77,2000,0.0752,83.56,8.93,42.0,274,0.0,58.37
3.276,0.123,8.45,10.0,27.79,2.536,50.0,2000,0.0556,78.5,5.34,47.03,19,0.0,600.0
3.122,1.124,34.39,40.44,6.94,3.15,485.17,2000,0.0599,78.63,14.04,45.93,143,0.0,135.33
3.543,1.061,18.11,40.24,55.0,3.517,413.34,2000,0.0684,84.33,7.48,29.29,166,0.5,80.77
3.346,0.479,15.8,18.6,25.21,3.06,126.91,4000,0.0595,81.84,18.17,32.53,136,1.5,600.0
3.71,0.177,23.22,10.0,58.52,3.024,89.47,6000,0.0894,87.91,18.36,60.83,263,0.0,600.0
3.808,0.344,20.85,10.0,64.76,2.944,207.39,6000,0.0527,78.22,17.81,22.8,96,0.0,499.91
3.94,1.805,34.45,65.51,78.27,4.997,777.38,2000,0.1177,72.31,10.18,32.86,579,2.0,37.5
3.918,0.143,22.19,10.0,81.65,2.364,68.73,4000,0.0572,79.23,5.22,18.89,131,0.0,419.85
3.09,0.166,17.74,10.0,5.84,2.559,80.98,4000,0.0584,79.68,18.0,47.59,169,3.0,600.0
4.053,1.215,34.77,49.96,84.23,4.33,605.68,2000,0.0779,82.79,10.99,46.2,349,0.5,23.82
3.692,0.123,19.45,10.0,59.64,2.783,50.0,3000,0.0393,80.24,18.53,33.55,64,1.0,600.0
3.711,0.21,15.73,10.0,56.48,2.7,73.97,2000,0.0559,79.13,18.49,29.13,15,3.0,600.0
3.089,0.754,24.19,25.21,6.22,3.062,288.25,3000,0.063,83.82,16.94,30.1,246,3.0,600.0
3.909,1.509,20.75,49.24,73.9,4.147,686.24,2000,0.0595,84.63,9.12,32.72,131,0.0,17.06
3.157,1.845,33.3,68.23,16.64,4.668,848.25,3000,0.1029,71.07,10.39,6.76,453,2.0,227.7
3.928,0.767,26.32,23.7,71.99,3.267,360.16,3000,0.1384,80.71,16.92,33.28,811,0.5,124.79
3.09,1.06,28.43,38.91,6.25,3.685,425.1,2000,0.0458,80.73,9.44,56.89,101,1.0,213.66
3.722,0.999,13.93,33.64,56.68,3.513,378.36,3000,0.0638,79.13,7.37,16.87,107,0.5,120.36
3.458,1.768,35.56,63.78,39.78,4.255,728.72,5000,0.0718,83.93,12.8,32.35,104,0.0,128.28
3.302,0.465,21.91,10.0,21.06,2.91,176.18,6000,0.0514,82.38,18.11,25.95,78,3.0,600.0
3.142,1.59,27.41,41.72,13.6,3.882,700.87,4000,0.0855,76.83,14.74,21.07,304,0.0,179.17
3.438,1.109,28.77,37.12,40.21,3.884,482.52,3000,0.067,76.61,12.98,44.54,284,2.0,412.31
3.267,0.46,18.26,11.1,14.86,3.163,190.6,3000,0.0669,80.98,6.36,19.25,130,1.0,600.0
3.408,1.463,27.4,56.08,43.92,4.103,654.68,4000,0.0522,82.9,13.61,42.16,9,0.5,130.25
3.81,0.203,21.61,10.0,55.02,2.479,50.0,3000,0.064,83.12,18.86,31.48,74,3.0,600.0
3.889,0.754,19.91,26.23,71.19,3.655,404.51,4000,0.0629,81.06,6.96,8.92,69,1.0,204.37
3.696,1.636,28.61,53.0,59.29,4.661,784.53,2000,0.0698,84.41,12.26,18.14,333,3.0,94.4
3.139,0.566,21.23,15.62,10.22,3.533,321.91,5000,0.0532,83.32,17.28,28.89,18,0.0,584.49
3.39,1.415,25.85,47.46,29.59,4.139,657.98,5000,0.0972,76.58,15.37,19.12,327,2.0,455.59
3.32,1.676,24.42,60.94,28.04,4.218,678.26,6000,0.0502,85.33,14.76,25.46,221,0.0,175.05
4.04,1.427,26.52,45.99,78.2,4.31,680.0,3000,0.086,87.85,14.83,26.26,263,0.0,31.57
3.967,1.797,30.42,58.0,74.42,4.582,841.55,6000,0.0773,82.23,10.03,18.69,113,3.0,127.66
3.552,1.409,22.75,50.99,34.61,4.241,656.25,2000,0.0579,82.83,9.11,12.36,227,1.0,84.36
3.067,0.919,23.4,22.21,10.69,3.26,355.61,5000,0.062,80.41,16.33,35.91,187,1.5,600.0
3.929,1.515,33.86,56.43,76.53,4.229,603.27,2000,0.0845,78.13,16.34,0.72,293,0.5,30.74
3.843,0.979,21.92,28.59,76.06,3.365,385.9,2000,0.0529,84.21,17.14,22.54,118,1.5,65.81
3.826,0.455,15.91,19.89,73.38,2.967,152.87,3000,0.0764,83.49,17.79,36.83,128,1.0,434.61
3.855,1.462,24.75,50.21,72.61,4.348,570.71,2000,0.0812,84.48,12.16,47.01,206,2.0,38.31
3.506,1.577,23.67,42.14,43.42,4.693,772.87,5000,0.0384,89.7,12.02,23.34,22,1.5,149.8
3.249,0.363,32.73,12.15,19.19,3.118,213.55,6000,0.054,81.08,16.18,60.46,114,0.5,600.0
3.513,1.622,33.57,60.65,43.2,4.258,744.61,5000,0.1291,72.18,14.1,11.16,714,1.0,208.59
3.575,1.254,20.93,40.28,44.57,4.27,547.17,3000,0.058,79.93,14.83,29.18,7,0.0,93.62
3.546,1.061,25.75,34.29,44.19,3.984,462.2,5000,0.0797,87.75,16.14,24.37,75,0.0,189.31
3.66,0.754,27.53,21.29,48.1,3.359,326.53,4000,0.0487,86.32,17.46,9.12,75,0.0,189.46
3.349,1.551,28.09,57.68,25.61,4.184,645.77,6000,0.0846,77.08,9.73,34.24,200,0.0,228.68
3.353,1.394,26.52,44.15,34.3,4.24,697.78,4000,0.0431,83.54,10.26,26.14,22,1.0,166.38
3.47,0.534,32.03,26.76,39.73,3.516,241.21,4000,0.0748,79.87,6.32,10.55,198,2.0,600.0
3.182,1.621,20.06,59.83,15.49,4.571,701.76,3000,0.0608,80.49,13.1,33.94,19,1.0,153.69
3.519,0.1,31.87,10.0,41.43,2.485,50.0,2000,0.03,77.69,5.5,6.67,19,0.0,600.0
3.892,1.644,30.22,55.2,69.84,4.67,715.02,4000,0.0851,78.31,11.52,39.48,260,0.0,57.43
3.869,2.181,36.33,70.28,71.24,5.263,914.78,5000,0.0716,76.7,12.6,17.02,78,1.0,58.34
3.484,0.69,21.09,25.39,37.93,3.316,300.9,2000,0.1368,72.86,9.01,69.12,758,0.0,169.83
3.501,2.04,25.82,75.76,46.5,4.623,803.57,5000,0.0712,87.08,13.27,17.02,7,0.0,87.63
3.069,0.407,13.11,22.42,7.69,2.675,137.14,5000,0.0714,79.86,5.43,25.97,117,0.0,600.0
3.612,0.203,18.25,10.0,58.95,2.853,77.66,2000,0.047,80.54,5.52,34.09,24,2.0,600.0
3.471,1.125,25.33,51.04,37.37,3.705,472.99,2000,0.071,77.92,16.52,19.36,86,0.5,108.96
3.53,1.363,34.05,46.69,40.64,3.953,567.01,5000,0.1707,69.98,10.04,44.21,1266,1.0,325.86
3.833,1.014,13.47,37.69,74.89,3.512,371.96,3000,0.0947,78.15,6.78,29.18,439,0.5,69.64
3.511,2.359,30.75,74.15,41.95,5.026,986.18,6000,0.0592,80.27,12.31,4.32,9,1.5,127.78
3.075,1.51,29.96,45.51,6.7,4.556,641.72,6000,0.071,78.07,15.78,8.53,165,0.0,275.06
3.363,0.854,30.46,21.28,23.2,3.806,407.93,3000,0.0843,80.59,8.02,47.38,208,0.0,217.56
3.472,1.603,26.8,61.96,43.05,4.389,687.15,2000,0.0796,84.84,13.72,27.4,47,3.0,133.4
3.513,0.488,18.37,12.83,38.95,2.846,189.35,5000,0.0417,75.93,6.19,23.74,31,0.5,600.0
3.943,0.451,18.82,14.57,73.83,2.788,164.13,6000,0.0936,82.57,5.72,26.71,469,3.0,600.0
3.571,2.008,30.86,65.41,48.37,4.829,915.65,5000,0.1225,73.04,12.44,10.35,693,0.0,121.24
3.737,1.766,36.4,53.76,60.17,4.285,744.57,3000,0.1417,71.17,12.57,22.8,963,0.5,70.33
3.564,1.905,22.71,62.51,42.55,4.755,803.04,5000,0.0803,84.96,13.92,26.27,311,0.5,114.73
3.427,0.724,22.83,24.56,40.17,3.385,371.69,3000,0.0795,82.63,15.17,68.91,217,0.0,194.57
3.467,0.1,11.62,10.0,40.7,2.529,61.85,2000,0.0648,81.93,18.66,25.06,84,3.0,600.0
3.464,1.888,32.12,57.63,37.87,4.468,781.41,3000,0.0562,86.33,12.23,24.46,37,1.0,83.4
3.68,1.422,33.47,44.49,48.09,4.51,663.35,3000,0.0531,76.89,9.52,27.67,16,0.5,89.17
3.28,1.267,17.59,44.98,25.04,3.684,489.74,6000,0.0714,82.63,16.13,27.22,236,0.0,270.75
3.902,1.122,27.12,37.64,76.28,4.134,506.12,5000,0.0947,85.49,8.79,22.99,307,0.5,87.17
3.457,1.718,34.9,57.59,31.65,4.458,739.04,6000,0.1016,76.84,11.15,42.57,350,2.0,349.13
3.235,0.395,24.18,10.0,16.8,2.685,159.21,4000,0.1092,79.62,6.1,22.27,490,3.0,600.0
3.262,0.1,22.18,10.0,12.72,2.73,50.0,3000,0.0808,74.52,5.35,47.74,423,1.0,600.0
3.128,0.358,12.8,19.0,6.07,2.94,96.28,4000,0.1974,70.19,18.48,23.1,1500,2.0,600.0
3.459,0.916,27.18,37.15,38.83,3.461,415.45,6000,0.0575,76.01,16.7,43.14,55,2.0,600.0
3.226,1.253,26.6,40.8,20.01,4.009,548.78,5000,0.0694,84.8,14.74,38.69,288,0.0,227.66
3.04,1.784,34.8,46.54,6.73,4.942,871.96,6000,0.0684,75.16,10.73,20.87,176,2.0,476.95
3.494,1.001,25.89,34.55,46.6,3.881,499.4,5000,0.0562,88.28,7.43,9.0,60,0.5,222.52
3.73,0.536,18.99,18.38,59.4,2.917,186.35,5000,0.141,77.02,7.19,60.39,802,3.0,600.0
3.174,1.319,27.49,38.89,11.86,4.26,580.8,2000,0.0906,83.14,8.5,22.65,456,0.0,96.61
3.54,1.604,33.93,49.36,41.87,4.445,731.59,3000,0.0643,78.55,12.69,30.43,27,1.0,110.09
3.768,1.352,24.53,40.08,64.49,4.069,619.85,6000,0.0409,80.76,15.0,16.46,5,0.5,136.03
4.103,1.784,28.97,60.83,83.86,4.222,760.74,5000,0.0651,76.08,14.24,18.24,233,0.0,35.92
3.633,1.184,20.24,35.35,58.38,3.418,465.48,6000,0.0647,84.71,8.92,47.66,185,0.0,151.92
3.221,0.187,21.78,10.0,24.59,2.835,107.15,6000,0.1054,81.03,18.37,52.64,549,0.5,600.0
3.707,1.297,26.15,55.12,62.32,3.91,522.54,5000,0.0311,86.16,15.33,36.09,53,1.0,137.94
3.634,1.681,34.37,55.11,52.83,4.714,746.81,4000,0.0563,81.75,12.76,25.1,17,2.0,125.4
3.208,1.589,31.78,47.18,21.94,4.573,677.33,3000,0.0731,83.26,13.56,38.35,60,1.0,141.34
3.944,1.593,27.53,45.83,73.09,4.575,778.97,3000,0.0568,83.02,10.87,19.59,3,0.0,36.17
3.433,0.687,21.79,24.56,39.19,3.707,372.95,2000,0.0486,84.69,8.47,29.76,7,2.0,600.0
3.938,1.915,23.26,73.85,81.96,4.587,806.59,2000,0.0884,77.54,9.98,13.24,492,0.0,13.37
3.807,1.367,23.32,41.04,62.83,4.077,589.19,2000,0.0405,82.53,15.61,12.63,86,1.5,49.85
3.689,0.156,22.36,10.0,56.57,2.603,50.95,3000,0.0441,92.13,5.2,35.48,105,1.5,600.0
3.798,0.712,12.85,32.28,63.27,3.8,360.88,4000,0.049,79.93,6.63,32.2,3,0.5,203.4
3.517,0.431,13.89,26.94,43.25,2.812,208.1,3000,0.0774,73.86,5.64,31.08,63,0.0,348.91
3.559,0.1,23.17,10.0,45.42,2.772,95.25,3000,0.0554,80.25,5.57,22.66,326,2.0,600.0
3.805,0.559,29.29,20.8,73.1,3.134,283.39,3000,0.0761,78.41,16.98,31.17,191,3.0,600.0
3.706,1.626,22.43,54.53,59.47,4.394,716.34,3000,0.0712,82.03,14.85,17.22,280,1.0,65.18
3.869,2.178,24.72,75.99,76.78,5.006,943.76,4000,0.0584,81.21,11.64,4.15,118,3.0,48.38
4.013,0.503,28.0,19.93,76.27,3.203,252.49,2000,0.048,82.47,6.37,27.62,74,0.0,74.1
4.062,2.074,29.38,70.54,83.12,5.191,888.09,6000,0.0494,79.83,11.88,9.43,131,2.0,39.89
3.7,1.512,25.48,45.65,61.02,4.7,667.05,2000,0.0591,84.73,11.63,41.18,78,2.0,53.14
3.532,0.556,28.87,19.92,45.18,3.326,254.6,2000,0.0891,78.43,7.42,51.57,365,2.0,600.0
3.212,1.191,32.22,39.22,18.3,3.724,520.55,6000,0.0637,82.43,11.07,63.42,70,2.0,600.0
3.845,1.812,33.0,56.4,61.43,4.388,705.09,3000,0.0546,85.69,10.58,27.17,215,0.0,46.8
3.36,1.898,24.9,64.63,28.33,4.849,842.05,4000,0.0616,81.25,13.62,16.12,29,0.5,118.5
3.31,1.501,30.67,47.62,27.64,4.106,618.73,4000,0.0821,82.84,13.89,30.2,232,0.0,144.99
3.296,0.399,25.28,13.65,24.06,2.858,151.65,2000,0.1031,73.37,5.63,24.75,489,0.0,350.99
3.823,1.479,32.17,51.58,75.01,4.29,661.66,6000,0.0645,79.72,10.24,27.74,187,0.0,75.13
3.89,1.147,33.55,41.21,74.44,4.216,572.74,5000,0.0695,80.72,13.76,47.22,164,0.0,71.87
3.612,1.911,37.02,61.4,55.48,4.975,868.59,3000,0.1133,72.46,12.04,21.9,649,2.0,101.85
3.422,0.768,24.75,27.85,42.84,3.29,334.48,2000,0.0794,77.86,16.99,25.13,197,2.0,600.0
3.805,1.645,25.53,58.25,58.77,4.605,728.38,4000,0.0523,84.15,14.22,13.45,60,1.0,80.88
3.642,1.06,27.68,40.22,53.58,3.962,409.53,6000,0.058,87.88,7.28,25.75,69,0.0,182.37
3.421,0.1,14.44,10.0,38.26,2.395,72.32,6000,0.057,78.11,5.99,57.58,244,1.0,600.0
3.34,1.69,27.56,59.36,35.37,4.458,750.03,2000,0.0796,83.37,13.99,17.48,265,3.0,160.61
3.416,0.203,21.3,10.0,35.62,2.577,65.93,5000,0.0497,86.21,5.37,44.04,72,1.5,600.0
3.618,1.879,13.42,75.53,52.13,4.805,839.19,4000,0.0635,86.82,13.2,24.0,84,1.0,76.94
3.72,0.367,20.84,11.91,56.81,2.459,118.66,2000,0.1522,72.22,18.16,44.58,943,1.0,600.0
3.446,1.333,31.12,50.05,41.14,4.503,634.46,5000,0.046,79.38,13.06,41.81,21,3.0,600.0
3.963,1.844,23.49,59.03,82.5,4.904,878.16,6000,0.0606,82.61,10.43,12.48,103,0.5,41.17
3.094,1.318,30.28,45.81,11.71,4.176,592.59,3000,0.0529,84.5,14.01,41.36,12,0.0,143.1
3.382,2.158,30.83,73.61,32.76,5.134,952.53,4000,0.0881,72.72,11.42,8.55,344,2.0,166.08
3.363,2.202,30.03,76.03,38.53,5.013,959.23,4000,0.0598,84.67,12.64,10.24,19,0.0,73.13
3.036,0.313,25.47,10.0,6.35,2.999,131.65,5000,0.079,83.34,18.18,22.85,224,1.5,600.0
3.442,0.746,33.54,26.81,34.2,3.445,346.21,2000,0.0473,79.68,10.41,54.67,11,3.0,600.0
3.261,0.1,22.01,10.0,26.9,2.219,50.0,6000,0.0883,83.14,18.46,35.11,223,0.0,600.0
3.596,0.714,15.73,27.9,45.48,3.349,319.38,5000,0.0945,80.73,17.67,13.94,370,2.0,600.0
3.427,1.145,24.32,33.78,31.91,3.943,549.53,3000,0.0742,86.94,7.74,5.37,101,0.5,139.68
3.805,0.304,25.85,11.66,63.09,2.996,130.64,3000,0.0682,83.44,5.97,38.07,147,1.0,600.0
3.549,0.565,20.0,18.68,45.79,3.851,297.18,3000,0.0643,83.01,6.41,27.94,102,3.0,600.0
3.18,0.152,25.83,14.33,15.38,2.712,50.0,5000,0.0559,84.91,5.26,30.67,71,1.5,600.0
3.796,0.404,24.19,19.04,65.0,3.208,104.16,6000,0.0781,85.6,6.32,34.3,325,0.0,388.22
3.221,0.907,36.38,37.09,12.94,3.538,430.99,4000,0.0661,80.8,14.56,47.61,63,2.0,600.0
3.927,0.318,14.65,10.0,72.12,2.909,195.5,2000,0.0782,80.48,6.0,25.55,256,0.0,143.95
3.871,1.222,27.11,38.82,79.51,3.78,487.33,4000,0.0533,86.4,9.47,50.12,46,0.0,47.31
3.326,1.27,22.72,42.3,30.8,3.897,480.91,6000,0.0455,89.43,16.83,15.4,57,0.5,255.04
3.896,0.1,21.27,10.0,79.09,2.508,50.0,4000,0.0738,80.98,5.33,6.32,82,0.0,600.0
3.858,0.739,20.37,26.52,68.44,3.076,329.29,5000,0.0688,86.44,16.4,44.83,177,0.0,162.58
3.912,1.546,18.93,47.8,78.79,4.302,659.04,3000,0.0498,88.84,8.95,11.0,121,0.0,26.98
3.689,0.533,23.6,14.24,58.3,2.943,246.1,6000,0.0781,80.53,6.65,29.98,273,3.0,600.0
3.372,0.634,25.68,27.11,23.85,3.695,356.16,6000,0.0528,83.65,14.75,53.63,48,3.0,600.0
3.975,1.791,26.55,61.74,76.56,4.943,848.43,4000,0.0478,83.04,13.81,6.71,2,2.0,53.86
3.306,0.481,18.4,16.29,19.74,3.077,267.34,5000,0.0857,81.71,17.28,33.73,299,1.5,600.0
3.229,1.475,27.13,49.01,22.04,4.486,694.68,4000,0.0824,75.62,15.29,6.16,344,1.5,290.84
3.182,1.276,19.04,47.01,26.69,3.911,557.62,4000,0.0481,80.87,16.25,26.69,12,2.0,434.5
3.332,2.057,26.0,63.29,29.34,4.826,856.77,6000,0.0824,82.16,8.95,1.47,188,0.0,152.93
3.482,0.888,19.64,29.86,46.16,3.72,450.51,4000,0.0421,80.85,7.48,9.29,95,2.0,600.0
3.648,1.076,23.02,36.44,62.08,3.819,508.22,3000,0.081,80.4,15.51,16.21,315,0.0,87.2
4.006,1.114,26.08,30.9,79.1,4.136,538.9,4000,0.1007,79.57,16.3,5.56,414,0.0,49.23
3.1,0.142,21.01,10.0,12.08,2.413,50.0,3000,0.0943,82.47,18.87,36.29,380,1.5,600.0
3.936,1.413,27.96,58.53,81.35,4.402,657.89,6000,0.0902,82.84,10.78,32.62,300,2.0,100.1
3.926,0.937,33.76,27.05,78.71,3.806,456.64,5000,0.0764,85.88,10.21,55.17,62,1.5,159.99
3.194,1.354,20.43,45.76,9.32,4.035,666.02,3000,0.1004,82.62,15.87,10.99,334,1.5,267.45
3.398,1.74,20.75,47.62,33.83,4.266,705.82,5000,0.0536,78.63,9.77,21.72,152,3.0,394.85
3.888,0.753,13.24,24.4,70.05,2.922,234.87,5000,0.0349,79.41,18.03,7.82,10,0.0,152.94
3.631,0.737,17.17,19.18,53.93,3.3,320.39,3000,0.0655,79.85,17.02,17.68,122,0.0,149.61
3.729,1.259,23.1,40.2,67.33,3.842,488.47,6000,0.0935,80.16,11.01,59.54,570,1.0,167.91
3.691,0.977,36.17,34.71,62.52,3.555,454.96,2000,0.0744,80.03,15.51,39.72,437,1.5,120.92
3.537,1.368,18.2,39.96,44.74,4.335,601.86,5000,0.0553,82.5,15.56,10.56,21,0.0,144.14
3.105,0.901,25.85,31.24,8.3,3.715,367.83,5000,0.0829,82.9,6.44,3.12,272,0.5,504.32
3.648,0.436,20.83,10.63,51.74,3.36,224.91,6000,0.0998,80.53,17.64,2.8,327,0.0,547.11
3.134,1.594,31.12,46.45,8.89,3.888,708.26,6000,0.064,84.31,12.07,36.8,63,1.0,334.92
3.685,0.954,19.13,36.7,53.3,4.068,432.06,4000,0.0819,79.75,16.57,15.91,127,1.5,328.06
3.79,0.83,29.53,22.85,69.03,3.476,345.78,6000,0.0784,76.64,9.48,73.81,248,2.0,600.0
3.713,0.551,16.64,16.26,51.8,3.164,239.82,5000,0.0501,82.44,17.54,24.37,115,1.5,600.0
4.113,1.858,33.8,59.07,84.76,4.796,849.45,3000,0.0605,82.2,10.45,17.1,23,0.0,17.84
3.472,0.1,22.83,10.0,41.47,2.372,50.0,2000,0.0877,85.99,5.15,8.07,244,3.0,600.0
3.739,0.66,20.17,22.17,64.91,3.231,241.48,4000,0.1024,71.64,17.68,44.78,485,0.0,200.78
3.611,0.589,20.38,18.8,58.38,3.463,234.91,3000,0.0856,80.98,6.28,19.74,211,0.0,173.46
4.02,1.394,30.05,42.92,84.31,4.148,593.02,2000,0.0785,80.71,9.47,26.15,297,1.5,30.99
3.767,0.575,21.12,17.85,62.06,2.697,153.9,2000,0.0643,78.09,18.3,27.92,88,3.0,600.0
3.189,0.143,24.31,10.0,18.12,2.502,112.51,2000,0.0523,84.11,18.31,24.92,40,0.0,600.0
3.991,1.373,34.62,46.34,81.44,4.003,572.7,3000,0.0943,82.81,13.03,38.88,205,0.0,35.06
3.632,1.968,28.71,71.21,58.42,4.706,863.54,4000,0.0663,89.02,13.85,8.98,79,0.0,64.74
3.165,1.944,27.44,68.63,9.75,4.932,840.39,4000,0.0781,83.61,11.28,23.94,393,0.5,146.09
3.665,1.671,31.32,61.25,57.61,4.758,727.39,2000,0.0711,81.13,9.1,20.05,26,0.5,40.17
3.922,1.186,27.31,46.31,75.65,4.101,552.77,3000,0.054,86.85,9.6,40.1,113,0.5,54.43
3.624,1.102,28.64,37.66,51.16,3.929,530.25,2000,0.0602,85.35,14.42,46.74,101,0.0,57.46
3.302,1.431,28.67,51.96,33.32,4.19,629.53,6000,0.1103,77.35,15.53,12.79,556,1.0,324.91
3.89,1.009,29.69,35.33,70.67,3.819,478.58,4000,0.0588,80.99,16.08,40.37,33,3.0,600.0
3.772,1.162,26.18,45.37,67.6,3.707,527.55,5000,0.0549,83.98,16.05,8.95,1,0.0,103.37
3.593,0.537,17.79,10.0,48.53,3.169,201.03,2000,0.0441,78.34,6.28,24.78,54,0.0,154.33
3.138,1.554,38.98,50.22,17.35,4.296,737.73,6000,0.0892,75.41,11.92,26.45,343,2.0,579.02
3.277,0.1,27.14,10.0,25.08,2.86,50.0,4000,0.0656,85.16,5.81,45.5,46,2.0,600.0
3.787,1.65,24.75,57.85,64.08,4.281,679.64,3000,0.0662,87.54,12.69,38.95,55,0.0,50.99
3.78,2.185,25.21,72.74,69.49,5.349,983.62,4000,0.0397,83.54,11.18,9.72,27,2.0,43.2
3.277,0.659,17.56,13.66,27.34,2.82,225.34,3000,0.0685,83.95,17.43,38.29,251,3.0,600.0
3.42,1.269,32.79,41.42,34.44,4.374,626.74,3000,0.041,83.53,9.91,29.78,14,3.0,600.0
3.126,0.618,30.84,24.69,11.21,3.296,191.99,2000,0.0614,83.94,6.64,59.04,80,1.5,600.0
3.762,0.911,20.06,28.78,62.08,3.335,399.99,2000,0.0411,79.6,7.0,17.61,66,1.0,97.64
3.045,1.121,26.59,37.82,5.29,3.982,551.57,4000,0.055,88.38,15.66,21.44,162,1.0,350.3
3.137,1.266,25.31,51.77,8.72,3.986,520.19,6000,0.0695,84.3,13.66,62.05,262,0.0,317.01
3.036,0.372,29.59,11.48,5.35,2.972,144.92,4000,0.0472,80.79,6.42,48.72,152,1.0,600.0
3.709,0.652,24.59,20.93,56.63,3.048,225.88,5000,0.1031,78.77,6.18,9.62,534,0.0,294.72
3.415,1.333,23.28,45.4,38.39,4.181,654.08,3000,0.0894,78.24,14.81,24.97,605,2.0,261.64
3.315,0.304,9.54,11.31,28.8,3.047,181.82,3000,0.0638,74.68,6.02,34.12,89,1.0,600.0
3.973,0.886,29.0,30.2,78.02,3.541,355.88,2000,0.076,83.77,16.51,40.09,300,1.5,74.89
3.219,1.744,24.41,60.09,20.42,4.161,655.05,6000,0.0706,79.73,14.89,11.79,268,0.0,207.86
3.375,0.631,24.58,15.08,36.15,3.023,252.3,2000,0.09,81.91,6.14,55.73,446,0.5,227.51
4.049,0.613,21.96,19.84,80.22,3.391,237.77,5000,0.0612,81.37,6.19,6.29,118,0.5,166.21
3.468,0.1,8.72,10.0,39.17,2.658,50.0,4000,0.071,78.91,18.81,12.3,151,1.0,600.0
3.616,1.223,24.92,41.03,49.38,3.535,545.95,4000,0.0739,86.48,10.24,53.03,107,1.0,167.72
3.024,1.482,27.13,52.42,11.43,4.596,679.29,6000,0.098,78.98,10.19,27.1,379,2.0,600.0
3.885,1.026,20.74,33.52,68.21,3.552,429.53,2000,0.0775,82.65,16.38,27.71,52,0.0,38.2
3.598,0.297,19.9,10.0,38.82,2.758,89.7,2000,0.0622,78.05,18.26,30.12,54,3.0,600.0
3.891,0.154,19.92,10.0,69.04,2.738,59.61,5000,0.0607,87.17,18.8,14.01,93,2.0,600.0
3.373,1.54,34.94,60.35,25.3,3.956,642.78,4000,0.0506,83.56,15.55,7.37,52,3.0,444.78
3.445,1.554,31.35,59.05,38.8,4.31,684.99,2000,0.0622,76.76,10.27,32.92,164,0.0,55.57
3.828,0.426,27.9,11.5,67.92,3.116,129.25,6000,0.0582,80.93,6.17,35.98,28,1.5,600.0
4.019,0.906,22.89,27.46,82.91,3.908,436.53,4000,0.0477,83.05,15.88,30.98,77,0.0,54.54
3.082,1.885,35.6,62.3,9.77,4.534,767.19,5000,0.1012,76.68,12.82,18.04,489,0.5,215.33
3.834,1.853,27.71,67.96,70.0,4.953,846.79,6000,0.0603,80.91,10.94,11.05,105,0.0,76.18
3.299,0.244,16.23,10.0,29.06,2.96,106.48,3000,0.0702,75.6,17.69,22.69,275,0.0,600.0
3.569,0.209,16.66,10.0,49.06,3.054,144.69,5000,0.0419,82.44,6.56,63.89,24,0.0,600.0
3.381,1.802,16.79,62.11,28.21,4.372,770.46,6000,0.0808,86.27,11.9,24.31,56,0.0,169.86
3.561,0.127,22.09,10.0,54.08,2.965,50.0,2000,0.0689,81.17,5.16,21.6,329,0.0,585.35
3.447,1.872,23.48,60.27,33.3,4.565,791.26,3000,0.078,81.06,11.56,24.86,287,3.0,193.6
3.301,0.29,26.49,10.0,31.69,3.078,203.99,5000,0.0719,82.36,5.79,23.75,97,0.0,600.0
3.099,0.77,20.86,27.31,8.04,3.337,332.74,2000,0.117,74.81,6.66,53.19,617,3.0,600.0
3.208,0.723,13.91,22.05,16.76,3.365,300.34,3000,0.0936,74.39,6.65,39.04,483,0.0,306.38
3.969,1.59,22.95,47.7,78.37,4.354,743.28,4000,0.1036,82.03,14.09,16.97,655,0.0,39.26
4.009,1.348,27.16,43.99,84.86,4.008,569.46,2000,0.0624,76.94,15.44,20.4,111,1.5,18.72
3.757,1.598,20.14,54.21,67.44,4.73,804.14,6000,0.03,82.79,13.17,25.49,43,0.0,77.03
3.345,0.101,21.72,10.0,27.95,2.881,50.0,5000,0.0714,82.04,18.47,28.91,197,0.0,600.0
3.555,1.958,21.38,67.24,37.2,4.901,799.59,3000,0.0733,81.9,10.25,14.08,230,0.0,63.09
3.769,1.457,23.38,53.44,64.16,4.496,647.13,2000,0.0633,86.27,9.0,18.85,26,1.5,51.56
3.946,0.477,23.17,14.11,82.48,3.332,241.43,4000,0.0694,81.81,17.16,56.52,308,1.0,326.41
3.474,0.866,27.63,27.17,41.44,3.916,383.81,5000,0.0471,82.49,8.13,54.41,3,0.0,246.42
3.864,0.142,22.72,10.0,71.36,2.6,58.12,5000,0.0675,80.96,18.49,20.75,131,0.0,600.0
3.983,0.203,11.31,10.0,83.01,2.605,50.0,2000,0.0601,82.44,5.17,19.38,80,3.0,600.0
3.878,0.208,16.95,10.0,74.88,2.694,85.9,4000,0.0635,82.51,18.58,39.17,269,0.5,600.0
3.344,0.279,24.43,16.52,23.17,2.731,89.04,3000,0.051,92.76,5.6,5.49,75,0.0,565.52
3.094,0.582,19.83,20.04,5.64,2.901,252.24,2000,0.099,79.06,17.48,51.32,350,2.0,600.0
3.526,1.941,31.42,53.98,44.37,4.973,887.19,3000,0.0706,78.88,12.39,16.8,180,1.5,88.54
3.565,0.1,18.47,10.0,47.51,2.736,50.0,5000,0.0649,81.0,18.9,34.98,315,0.0,600.0
3.262,0.576,26.59,27.78,21.1,3.095,236.92,3000,0.1496,77.95,6.03,6.47,908,0.0,390.11
3.361,1.195,27.48,42.37,27.77,3.879,634.45,4000,0.0567,83.95,12.75,39.92,227,1.5,309.33
3.859,0.1,11.56,10.0,66.21,2.641,50.0,6000,0.1308,75.18,18.57,36.02,839,0.0,600.0
3.491,1.442,25.12,51.47,42.63,4.14,696.19,4000,0.0561,86.78,12.32,33.68,5,1.0,151.82
3.315,1.997,29.84,71.53,30.39,4.896,847.31,3000,0.0703,85.49,13.81,12.57,82,2.0,101.87
3.63,1.441,19.69,52.76,54.81,4.432,699.73,2000,0.03,86.18,14.74,18.67,22,1.5,58.27
3.643,1.669,27.14,60.41,57.22,4.49,713.76,5000,0.0631,87.26,11.36,30.91,60,0.0,86.14
3.722,1.794,29.3,61.37,66.55,4.564,834.64,6000,0.0951,73.35,13.79,16.11,365,3.0,243.28
3.281,1.874,25.69,53.89,17.54,5.019,830.94,2000,0.045,85.35,13.18,15.6,6,2.0,90.03
3.815,0.326,22.64,10.0,64.32,2.933,146.33,2000,0.0655,80.0,17.62,48.92,146,1.0,600.0
3.521,0.325,22.67,10.0,52.95,2.727,150.19,4000,0.0362,85.77,5.64,4.06,167,1.0,600.0
3.126,0.842,29.22,15.45,9.61,3.704,399.09,3000,0.0389,74.99,8.93,50.13,164,1.0,516.43
3.788,0.1,11.46,10.0,67.2,2.668,54.57,4000,0.0739,82.64,18.31,12.55,128,0.0,600.0
3.403,0.528,21.8,24.68,35.65,3.498,231.15,3000,0.0758,78.43,17.46,37.83,312,1.5,600.0
3.253,1.627,30.66,47.07,31.43,4.275,691.53,4000,0.0493,79.08,11.38,32.22,28,0.0,129.18
3.489,1.938,27.14,68.25,40.85,4.495,822.9,2000,0.0597,84.54,13.68,12.14,74,0.0,42.08
3.396,1.399,28.42,49.27,32.69,4.227,611.83,5000,0.0654,80.83,8.88,16.48,191,2.0,371.75
3.326,0.985,25.53,33.99,32.06,3.854,422.12,3000,0.0688,88.13,7.63,42.11,234,2.0,472.42
3.917,1.686,29.46,62.11,69.65,5.08,775.75,6000,0.0642,86.34,11.49,22.31,103,1.5,99.93
3.219,0.763,23.57,25.24,14.96,4.046,316.14,6000,0.0766,79.35,9.95,74.75,416,1.0,600.0
3.938,1.956,29.4,72.81,82.65,4.487,842.5,2000,0.0723,85.37,13.17,17.65,107,0.0,13.78
3.644,0.286,29.57,10.0,49.39,2.852,138.83,4000,0.058,80.57,6.09,16.94,103,0.0,563.3
3.212,0.118,16.37,10.0,19.63,2.388,50.0,4000,0.0406,79.61,18.64,10.12,7,1.0,600.0
3.239,0.126,23.14,10.0,15.5,2.605,56.75,2000,0.0546,85.0,18.81,15.52,160,0.5,600.0
3.556,1.454,27.67,43.86,52.32,4.686,619.77,6000,0.075,86.17,14.77,25.17,246,0.5,151.55
3.676,0.686,25.91,16.14,55.64,3.345,369.87,6000,0.0493,83.09,12.51,69.88,24,1.0,557.86
3.05,1.535,26.18,54.05,9.24,4.525,744.27,4000,0.0417,82.8,9.33,16.29,72,2.0,334.61
3.251,0.974,24.0,39.2,24.44,3.734,495.09,3000,0.0743,82.92,16.39,3.59,303,0.0,179.95
3.727,1.529,31.07,52.19,68.64,4.187,692.3,5000,0.051,78.99,14.59,18.69,91,2.0,133.18
3.046,0.795,35.18,29.08,8.97,3.758,329.96,3000,0.0681,84.93,7.28,28.02,55,2.0,600.0
3.819,0.174,20.92,10.0,73.41,2.67,175.37,6000,0.0736,78.7,17.75,50.4,223,3.0,600.0
3.624,1.072,17.63,37.66,57.65,3.759,467.59,3000,0.07,79.62,16.52,29.05,43,3.0,600.0
3.486,0.233,10.95,10.0,39.75,2.654,50.0,5000,0.0881,80.76,18.3,21.37,452,0.0,600.0
3.304,1.515,24.66,44.51,32.71,4.278,654.39,3000,0.0493,85.31,15.16,17.42,22,2.0,169.84
3.093,1.317,23.51,50.57,6.54,4.259,668.25,3000,0.0784,88.13,13.59,39.92,245,0.0,147.52
3.903,1.715,32.34,57.24,71.02,4.819,731.78,3000,0.0698,80.09,10.86,26.59,138,0.5,43.16
3.153,0.213,22.67,10.0,16.42,2.304,82.94,3000,0.0979,88.15,18.06,40.2,407,2.0,600.0
3.353,0.86,21.54,31.45,29.76,3.661,393.64,2000,0.0437,85.16,17.12,10.54,26,1.0,188.21
3.59,0.403,22.33,17.42,50.53,3.058,169.29,6000,0.064,79.71,5.63,18.96,226,1.5,600.0
3.276,0.1,18.68,10.0,24.68,2.838,102.8,5000,0.0633,78.62,5.37,35.48,169,1.5,600.0
3.409,2.013,38.33,68.56,44.77,4.743,883.36,6000,0.0778,73.93,10.27,7.85,130,2.0,225.73
3.781,1.202,27.32,39.72,69.75,4.126,507.84,2000,0.0535,78.84,16.35,12.35,135,0.0,43.93
3.585,0.1,22.34,10.0,42.64,2.867,50.0,2000,0.0703,79.75,18.82,24.14,256,2.0,600.0
3.987,0.682,15.61,20.94,80.92,3.201,320.58,2000,0.1128,73.54,7.11,46.89,555,1.0,107.53
3.862,1.214,23.55,42.55,72.8,3.786,559.32,2000,0.0587,76.49,13.32,54.92,19,0.5,40.18
3.279,1.706,31.46,54.93,31.64,4.326,771.44,3000,0.0559,84.76,10.33,13.21,3,0.5,100.77
3.474,0.119,10.74,10.0,37.0,2.788,89.09,6000,0.0835,78.69,18.58,29.89,327,2.0,600.0
3.421,0.615,19.99,24.41,38.87,3.34,304.43,4000,0.0415,83.62,16.79,51.47,22,3.0,600.0
3.599,0.888,29.14,30.4,55.09,3.431,367.97,5000,0.1294,72.65,16.74,40.09,863,0.0,241.5
3.278,1.543,26.7,53.2,27.94,4.977,755.71,2000,0.0806,87.59,11.56,28.42,193,0.0,57.42
4.016,1.533,23.47,42.97,82.54,4.225,666.33,6000,0.0787,82.04,10.81,31.75,210,0.0,52.65
3.641,1.517,30.08,52.79,53.69,4.296,644.66,2000,0.0411,79.98,8.83,13.85,44,0.0,43.11
3.487,0.1,29.82,10.0,36.95,2.724,96.32,2000,0.0641,83.2,5.79,20.1,54,0.0,600.0
3.735,0.735,18.28,24.37,56.6,3.783,326.64,2000,0.0846,80.9,17.11,24.19,215,1.5,287.98
3.403,0.899,30.23,24.67,36.63,3.291,436.1,2000,0.0985,71.29,16.38,22.96,480,1.5,435.38
3.843,0.359,12.76,16.63,70.42,2.733,107.98,2000,0.135,73.26,19.0,21.57,807,1.5,600.0
3.59,0.103,16.97,12.57,50.43,2.771,54.22,5000,0.0645,81.59,18.95,12.31,44,0.5,600.0
3.032,1.533,29.45,50.37,8.36,4.119,609.81,6000,0.0458,81.74,12.78,51.61,28,1.0,348.6
3.169,1.364,21.61,44.7,19.14,3.718,542.18,2000,0.0744,79.5,15.77,26.23,11,0.0,95.8
3.882,0.306,23.78,15.35,74.2,2.865,121.05,2000,0.1027,77.19,18.23,23.1,405,0.0,153.71
3.598,1.134,15.15,40.67,50.03,3.28,404.83,2000,0.0621,81.8,16.9,9.6,69,0.0,59.82
3.97,0.963,26.99,31.75,81.03,3.979,493.12,2000,0.0497,86.44,8.46,34.04,0,2.0,67.99
3.127,2.118,35.21,72.43,10.79,4.785,868.15,3000,0.0599,78.91,11.31,15.69,50,0.0,93.93
3.303,0.793,26.06,36.6,28.62,3.368,360.89,3000,0.0427,84.99,6.81,16.2,83,2.0,600.0
3.352,0.261,21.52,10.0,20.48,3.038,120.56,4000,0.1649,74.29,18.36,19.46,941,0.5,600.0
3.603,1.372,37.18,42.82,49.31,4.002,624.13,2000,0.0761,76.08,13.49,38.89,148,0.0,59.65
3.399,0.879,24.35,33.28,35.62,3.421,450.71,4000,0.0691,84.99,8.2,32.4,45,1.0,364.51
3.231,1.756,20.46,69.1,17.58,4.357,747.65,5000,0.0584,78.95,14.4,5.7,81,0.0,172.83
3.634,1.245,29.75,42.39,56.42,4.553,602.48,4000,0.0544,88.0,13.65,50.68,80,2.0,183.13
3.576,1.722,28.05,48.86,47.9,4.437,783.74,6000,0.0436,79.37,10.01,30.44,3,1.5,195.98
3.344,0.679,10.96,24.58,26.98,3.453,322.69,3000,0.061,79.65,6.59,29.72,29,0.0,251.98
3.548,1.685,22.46,53.53,43.38,4.571,697.49,3000,0.0686,82.38,14.4,13.67,237,0.0,73.32
3.713,1.501,23.71,52.42,64.66,4.122,663.79,2000,0.0506,84.42,12.28,44.91,25,0.0,23.62
3.409,1.05,21.35,28.19,21.42,3.865,569.4,2000,0.0607,87.46,15.81,25.18,52,0.0,99.16
3.4,1.812,28.22,53.02,28.43,4.818,836.84,5000,0.052,74.85,12.28,16.95,86,0.0,161.08
3.494,0.849,21.2,26.82,32.69,3.752,442.41,5000,0.0887,82.26,16.93,8.01,283,0.0,318.83
3.764,1.806,25.93,68.47,64.74,4.877,772.71,6000,0.0672,82.31,12.73,23.25,174,1.0,103.32
3.885,1.386,23.48,39.36,72.75,4.152,662.08,2000,0.0582,84.14,12.85,48.42,233,3.0,71.15
3.423,0.719,23.78,22.35,35.11,3.36,342.83,2000,0.06,83.23,17.27,16.93,167,1.0,259.0
3.317,2.105,29.96,62.84,28.73,5.383,849.05,5000,0.0861,80.76,10.65,7.48,230,3.0,254.99
3.952,0.925,23.01,32.29,76.16,3.175,379.09,5000,0.0406,80.53,6.88,18.52,0,0.0,90.84
3.975,0.18,27.34,10.0,84.95,2.457,130.6,5000,0.1123,77.5,5.4,16.8,534,0.0,384.64
3.738,1.322,26.75,36.94,58.63,3.711,545.33,3000,0.0535,93.46,15.57,27.63,23,0.5,72.34
3.985,1.864,27.21,68.59,84.2,5.044,851.95,4000,0.0587,84.97,13.68,13.1,104,1.0,23.79
3.714,1.662,26.8,45.78,57.8,4.308,694.91,4000,0.1045,84.92,14.86,15.43,294,2.0,122.63
3.837,1.134,25.45,45.68,63.68,3.822,517.04,2000,0.0486,82.79,7.98,8.99,114,1.0,62.56
3.426,0.558,25.44,25.48,36.09,3.092,287.87,3000,0.1012,77.28,6.91,34.66,586,1.5,600.0
3.515,0.1,17.71,10.0,39.64,2.862,65.55,5000,0.0624,83.2,5.2,16.5,126,0.0,600.0
3.173,1.795,18.82,64.33,16.53,4.347,777.35,2000,0.1157,73.25,9.91,14.54,415,1.0,109.68
3.791,1.544,27.28,50.59,70.82,4.127,639.34,3000,0.0831,79.28,13.26,45.12,333,2.0,84.95
4.037,1.191,29.24,32.0,79.48,3.699,507.66,6000,0.1319,75.55,10.49,52.92,792,1.0,129.08
3.696,1.448,36.26,49.45,54.88,3.755,656.17,3000,0.0988,78.86,11.12,37.72,522,2.0,156.44
3.383,0.309,16.96,10.0,32.49,2.991,215.12,2000,0.0992,79.11,17.66,49.77,456,3.0,600.0
3.243,1.268,20.32,42.23,17.32,4.087,586.26,4000,0.0736,79.41,9.88,42.32,263,1.5,364.44
3.264,1.687,30.31,50.06,26.21,4.52,797.51,5000,0.0661,83.1,12.2,21.73,91,3.0,447.23
3.327,1.557,29.4,56.79,25.43,4.151,624.97,6000,0.0599,82.04,15.97,10.55,22,2.0,389.85
3.66,1.718,27.32,59.16,54.08,4.561,773.34,3000,0.071,85.27,10.55,17.71,233,1.0,65.38
4.0,1.781,40.93,62.76,80.6,4.575,770.43,2000,0.1156,72.92,13.71,15.6,769,1.5,32.68
3.188,0.312,33.14,12.11,8.86,2.705,152.45,2000,0.0768,84.64,17.07,35.83,259,0.0,458.53
3.133,0.268,18.87,18.33,5.08,2.547,98.87,5000,0.1168,77.21,18.29,23.82,528,0.0,600.0
3.567,1.196,23.67,44.98,53.01,3.859,494.71,2000,0.0743,85.36,7.06,4.44,326,0.0,50.26
3.233,0.44,26.92,23.19,27.72,2.453,91.18,2000,0.0568,84.16,17.97,17.74,35,0.0,254.59
3.918,1.965,29.55,60.99,75.44,4.87,884.58,5000,0.0436,80.5,11.89,8.11,57,1.5,64.85
3.383,1.482,22.3,46.69,31.18,4.48,606.17,6000,0.0479,90.96,8.62,23.33,83,1.0,227.08
3.281,1.17,34.33,26.87,28.18,3.862,502.4,4000,0.0666,84.67,11.43,45.63,36,0.0,183.59
3.271,0.1,20.45,10.0,26.56,2.271,50.0,4000,0.0743,82.32,18.72,11.1,174,0.0,600.0
3.161,1.359,25.96,45.11,16.59,4.227,620.14,3000,0.1276,80.62,11.9,52.41,741,1.0,207.34
3.685,1.825,29.49,63.01,51.52,4.797,782.38,6000,0.0554,77.47,9.6,24.94,286,0.0,120.92
3.198,1.461,28.03,46.03,18.46,4.129,655.72,3000,0.0555,79.65,13.87,35.77,110,1.5,204.15
3.392,1.279,23.87,46.31,38.97,3.962,558.01,4000,0.0561,87.86,8.36,14.11,0,1.5,213.54
3.499,0.379,16.23,15.98,41.88,2.7,137.67,5000,0.043,80.68,6.06,25.62,75,0.0,593.47
3.08,0.77,22.7,23.31,6.64,3.033,229.16,2000,0.0614,82.3,6.8,52.4,149,2.0,600.0
3.025,0.568,20.73,14.13,6.34,3.044,248.32,4000,0.0655,81.67,6.79,48.19,78,1.5,600.0
3.589,0.913,24.33,30.75,46.62,3.818,451.17,6000,0.0372,84.98,7.13,26.4,23,0.5,293.16
3.785,0.931,26.54,31.54,60.68,3.902,392.3,4000,0.0448,82.6,6.94,22.35,116,0.0,119.56
3.947,1.542,29.85,48.36,80.37,4.42,699.7,6000,0.0409,76.36,13.97,27.64,58,0.0,58.41
3.157,1.051,25.18,33.75,19.33,3.226,379.32,6000,0.1012,85.1,7.55,32.11,479,0.0,364.96
3.145,1.37,25.74,38.57,13.26,4.709,624.51,6000,0.0465,84.18,9.84,55.74,21,0.5,296.02
3.125,0.699,27.03,26.7,9.17,3.453,306.87,3000,0.0598,89.55,17.56,16.22,10,0.0,281.05
3.371,1.959,25.71,68.78,39.88,4.934,834.64,5000,0.0513,79.4,11.64,15.48,1,1.5,157.98
3.682,1.645,20.11,55.09,54.85,4.403,702.37,4000,0.0767,76.97,14.35,20.96,79,0.5,94.76
3.848,1.106,18.26,40.7,72.24,3.707,425.54,5000,0.0591,79.54,7.41,10.69,215,0.5,114.1
3.718,0.692,29.46,23.74,59.61,3.182,275.29,2000,0.0795,83.86,7.69,36.44,262,1.5,298.46
3.246,0.544,21.18,26.21,21.67,3.052,136.22,4000,0.054,78.72,5.57,6.99,120,0.0,461.38
3.466,0.846,30.06,21.73,41.94,3.366,352.64,5000,0.079,77.17,7.37,57.53,230,1.5,600.0
3.928,1.28,20.27,43.67,77.83,3.978,505.97,5000,0.0601,83.37,8.9,28.17,89,3.0,221.82
3.348,0.78,35.38,30.51,31.14,3.686,363.72,2000,0.0621,77.88,7.48,37.94,220,1.5,532.92
3.521,0.719,19.21,31.41,44.9,3.374,229.26,6000,0.0492,84.11,6.24,4.57,8,2.0,600.0
3.936,0.592,12.99,23.68,81.69,3.458,275.58,4000,0.0606,78.22,6.69,39.07,99,1.0,217.03
3.792,1.772,40.88,53.88,63.78,4.243,714.28,4000,0.0752,76.97,11.45,32.59,312,0.0,56.43
3.84,0.912,18.19,22.13,64.82,3.802,362.14,2000,0.0897,83.55,7.89,34.51,324,0.0,62.92
3.259,1.556,26.8,51.01,25.19,4.492,681.58,6000,0.0648,78.47,10.1,23.7,251,0.0,220.58
3.452,1.524,28.97,52.61,38.18,4.211,604.82,4000,0.0754,86.49,12.05,42.44,45,0.5,139.49
3.084,1.828,29.88,65.66,11.59,4.779,804.89,4000,0.0651,77.35,14.67,12.88,56,2.0,263.77
3.662,0.487,14.87,10.75,53.52,2.888,153.98,4000,0.1643,73.58,5.55,32.99,1108,0.5,600.0
3.171,1.267,29.76,45.29,13.3,3.882,540.93,6000,0.0806,87.06,16.19,6.68,21,0.5,353.04
3.834,2.009,32.69,53.59,71.87,4.883,900.67,2000,0.0508,79.84,13.79,10.57,39,0.0,21.63
3.838,0.332,20.47,10.0,70.16,3.117,131.95,4000,0.0588,84.79,6.14,53.58,27,0.5,508.09
3.616,0.728,28.62,28.58,47.69,3.386,319.04,5000,0.0601,81.34,17.23,15.96,79,0.5,367.57
3.115,0.464,19.94,10.0,16.29,3.166,223.7,6000,0.0627,84.22,17.89,12.29,47,1.0,600.0
3.02,0.377,18.24,10.0,7.05,2.937,155.69,3000,0.0787,74.23,5.86,31.0,137,0.0,600.0
3.854,0.989,36.83,30.35,68.74,3.505,417.6,2000,0.0684,79.43,8.88,50.07,129,0.0,51.49
3.639,0.848,25.81,29.16,53.01,3.383,481.25,5000,0.1067,81.92,16.29,19.25,463,2.0,600.0
3.739,0.84,21.21,22.43,61.87,3.602,347.56,4000,0.0452,87.36,15.48,67.98,7,0.0,122.89
3.399,1.162,19.78,38.56,29.3,3.938,478.56,3000,0.0556,84.92,7.58,16.58,77,1.5,242.06
3.584,1.024,24.94,31.96,45.76,3.552,386.58,2000,0.0845,82.95,7.93,44.53,181,1.0,122.94
3.863,1.52,16.9,56.47,64.77,4.255,723.34,6000,0.0745,80.85,10.19,28.71,185,0.0,89.48
3.549,1.856,26.82,59.45,42.01,5.213,861.4,3000,0.0655,78.79,11.78,20.52,130,1.5,93.1
3.664,1.502,28.57,50.19,53.11,4.209,651.49,3000,0.0763,85.59,13.66,35.69,338,0.0,77.68
3.815,1.806,28.03,61.04,68.18,4.803,826.09,5000,0.0609,85.68,10.16,8.72,12,0.0,53.91
3.259,1.712,23.62,54.97,22.22,4.557,805.65,2000,0.076,75.98,11.48,23.79,338,0.0,78.18
3.123,1.11,23.92,40.86,10.27,3.612,506.74,5000,0.0528,84.13,15.46,21.26,136,3.0,600.0
3.582,0.128,24.63,10.0,47.55,2.815,72.08,5000,0.0539,85.57,5.51,33.8,28,0.5,600.0
3.059,0.845,31.02,25.72,9.97,3.336,416.42,4000,0.0693,76.55,8.53,29.05,433,0.0,355.94
3.809,0.972,27.57,33.87,66.32,3.835,472.66,6000,0.077,82.44,14.99,34.79,209,0.0,158.22
3.738,0.257,20.88,10.0,62.54,2.869,118.24,3000,0.0573,80.33,17.53,42.22,35,0.0,346.12
3.924,1.786,29.18,62.37,75.54,4.594,849.75,2000,0.0471,78.96,12.16,24.25,6,1.5,23.84
3.645,1.546,31.11,52.71,56.16,4.272,744.83,6000,0.0504,80.31,12.45,30.25,30,0.5,146.47
3.092,0.259,21.82,10.0,10.38,2.648,110.74,6000,0.0675,82.6,6.5,56.86,187,0.5,600.0
3.315,1.899,31.44,64.95,25.25,4.473,769.33,2000,0.046,84.73,11.26,29.39,39,2.0,81.5
3.859,2.0,32.44,69.62,69.63,4.506,847.57,6000,0.0569,81.63,12.46,23.72,51,0.0,68.0
3.19,1.18,19.81,45.49,18.37,3.545,465.5,4000,0.048,85.57,8.39,43.48,5,1.5,369.25
3.797,1.148,25.08,40.26,60.88,4.11,584.61,6000,0.0767,84.74,8.77,24.77,256,0.5,165.28
3.875,0.953,30.0,36.22,67.42,4.211,481.47,4000,0.0816,77.02,10.28,59.15,332,0.0,106.96
3.298,0.188,13.3,15.78,31.41,2.926,82.14,3000,0.0783,79.41,5.28,49.41,318,2.0,600.0
3.331,1.648,24.58,49.75,30.78,4.409,688.17,3000,0.0555,86.6,9.51,19.28,27,2.0,160.08
3.601,1.216,23.82,46.41,49.62,4.109,507.17,5000,0.1045,85.78,7.96,21.57,467,1.0,211.63
3.905,1.045,27.22,30.45,73.9,4.147,519.14,4000,0.0671,83.41,9.58,45.48,223,0.0,69.33
3.382,0.465,22.85,11.92,22.91,2.86,154.47,3000,0.0995,76.55,6.68,43.2,455,0.0,445.06
3.971,0.56,17.15,18.62,80.3,3.234,250.18,6000,0.067,79.04,17.47,47.27,118,1.5,600.0
3.629,2.027,34.26,64.32,52.93,5.034,857.45,2000,0.0486,74.58,13.31,25.39,114,3.0,75.84
3.956,1.305,27.04,39.43,84.37,4.361,600.75,2000,0.0904,83.09,14.51,28.57,306,3.0,66.13
3.067,1.083,25.62,35.79,12.17,4.209,544.31,4000,0.0725,89.54,16.05,23.18,19,1.0,334.18
3.175,1.82,28.15,59.0,15.12,4.377,763.55,5000,0.0638,75.26,11.98,23.32,147,3.0,588.77
3.956,0.588,21.75,16.28,71.13,3.385,238.18,6000,0.0845,85.68,6.22,16.97,362,1.0,444.26
3.88,1.38,38.26,41.22,74.18,4.677,661.8,4000,0.0833,78.05,12.52,49.15,354,0.0,59.03
3.449,1.457,27.6,55.7,40.64,4.628,670.59,2000,0.1187,75.42,13.22,33.2,625,0.0,65.5
3.768,1.231,23.5,35.04,62.13,3.678,511.62,4000,0.079,83.12,15.44,34.27,239,1.5,153.24
3.793,1.161,25.54,37.85,74.4,3.601,501.68,6000,0.0387,81.25,11.04,47.32,46,0.0,110.06
3.105,0.819,21.75,32.88,8.45,3.515,338.15,3000,0.0417,84.9,6.79,5.78,4,0.0,232.37
3.652,1.007,26.66,37.6,50.92,4.066,465.97,6000,0.0681,83.39,8.97,33.43,130,1.5,412.74
3.832,1.386,29.02,47.38,73.28,4.038,547.44,3000,0.0629,83.08,10.08,50.56,144,1.0,50.89
3.511,1.936,30.94,61.41,36.85,4.789,856.68,3000,0.0437,79.27,14.04,10.93,54,1.0,76.12
3.383,1.075,31.38,35.73,29.19,4.056,577.1,3000,0.0676,79.76,12.99,47.64,26,0.0,157.86
3.893,1.517,28.53,44.93,68.66,4.511,662.6,4000,0.0596,83.54,9.99,33.52,176,1.5,77.71
3.314,0.174,27.66,10.0,31.86,2.572,50.0,2000,0.0793,79.94,18.81,31.13,289,1.0,600.0
3.054,1.697,32.71,55.07,5.25,4.597,733.67,4000,0.1479,74.03,13.48,31.57,996,0.0,197.4
4.027,1.341,20.26,43.68,81.77,4.134,608.77,2000,0.0676,81.99,8.32,13.43,284,2.0,28.35
3.554,0.268,13.38,10.0,52.37,2.878,203.89,6000,0.0833,76.87,6.42,4.26,315,0.0,600.0
3.894,0.707,19.46,15.07,70.56,3.233,339.49,5000,0.073,84.53,7.14,44.02,191,0.0,155.26
3.843,1.329,26.73,50.55,71.02,4.266,609.02,6000,0.1305,76.53,8.44,11.96,852,0.0,105.7
3.171,0.706,19.32,28.67,10.31,2.885,339.47,4000,0.067,80.25,7.25,20.01,204,2.0,600.0
3.235,0.534,20.96,22.18,18.67,3.164,208.16,4000,0.0953,78.11,7.61,70.08,393,1.5,600.0
3.429,1.108,27.19,38.83,29.89,3.836,502.23,2000,0.0884,82.3,8.99,28.18,582,1.5,187.3
3.303,0.831,21.94,28.55,30.66,3.521,304.84,4000,0.0946,77.13,7.43,34.93,531,3.0,600.0
3.709,0.607,10.92,16.77,57.7,3.376,277.09,3000,0.0617,82.02,17.55,18.35,96,1.0,357.21
3.583,0.477,25.71,12.96,54.85,2.935,156.34,4000,0.0463,85.05,6.12,50.23,16,3.0,600.0
3.556,2.204,34.18,80.75,44.57,4.906,960.47,2000,0.0483,88.84,12.34,6.25,37,0.5,35.38
3.279,1.418,23.04,55.67,21.9,3.967,612.21,2000,0.0602,82.08,10.75,43.54,12,0.0,85.42
3.412,0.1,18.33,10.0,35.56,2.507,50.0,3000,0.0459,85.81,18.75,9.21,22,1.5,600.0
3.543,0.234,15.9,10.0,48.49,3.116,162.26,2000,0.0738,82.34,6.57,62.58,40,1.0,600.0
3.493,1.422,26.26,51.07,42.44,4.569,628.96,5000,0.0408,82.22,10.57,37.7,83,1.0,187.5
3.187,0.282,20.94,10.0,15.18,2.702,50.0,6000,0.0435,83.55,18.57,12.72,156,0.0,600.0
3.698,0.585,26.34,20.35,56.96,3.139,277.69,4000,0.0836,83.76,17.12,27.44,248,3.0,600.0
3.227,0.881,27.91,29.06,10.84,3.534,414.75,5000,0.0449,82.37,16.44,38.26,47,0.0,364.25
3.467,1.565,27.54,47.48,35.26,4.311,696.13,4000,0.0626,83.33,8.61,17.84,223,3.0,356.25
3.712,1.204,29.94,38.26,61.8,3.94,451.82,5000,0.0841,84.38,7.39,21.63,243,1.0,163.4
3.108,1.364,25.1,44.79,6.6,3.95,565.46,4000,0.0613,85.11,14.36,52.1,163,2.0,446.54
3.651,0.515,18.03,10.0,50.6,2.963,173.15,3000,0.1058,76.95,18.01,27.91,467,0.5,394.13
3.348,1.333,16.81,44.86,31.76,4.606,673.51,2000,0.0462,79.91,12.79,48.5,23,2.0,164.87
3.104,1.724,29.19,69.07,5.71,4.554,794.74,2000,0.0574,82.64,13.0,34.81,38,0.0,75.78
3.168,0.924,29.82,28.65,20.23,3.815,441.29,3000,0.056,85.37,8.92,37.77,111,2.0,600.0
3.929,1.073,26.93,35.94,80.28,3.832,422.23,5000,0.0435,81.69,15.77,45.53,27,1.0,97.08
3.489,0.743,20.99,20.56,46.69,3.325,297.85,6000,0.084,83.08,7.62,56.46,167,0.0,345.82
4.007,1.772,32.21,53.61,84.78,4.891,733.4,5000,0.0713,76.42,9.53,13.53,101,0.0,36.57
3.54,1.307,29.26,42.03,46.99,4.627,657.73,2000,0.0493,84.42,10.96,41.89,66,0.0,59.42
3.562,1.199,33.83,43.12,48.51,3.858,478.82,6000,0.0519,83.2,12.11,62.77,37,0.0,178.61
3.477,0.997,28.3,32.08,36.35,3.457,409.86,4000,0.0729,89.01,8.39,42.33,81,2.0,516.42
3.362,0.49,28.71,14.46,29.8,3.048,256.27,6000,0.0588,84.64,6.61,32.43,187,0.0,600.0
3.341,1.321,30.89,46.53,25.12,4.152,590.1,5000,0.0578,79.88,13.55,52.37,171,0.0,212.13
3.471,0.7,30.2,24.35,32.47,3.23,347.52,3000,0.0582,77.9,9.04,68.44,35,1.5,600.0
3.606,1.602,29.18,54.81,41.79,4.488,709.27,4000,0.0753,84.55,13.14,35.93,26,3.0,261.15
3.237,0.725,20.48,30.12,20.36,3.654,299.27,5000,0.051,82.06,7.16,39.4,5,0.0,406.18
3.303,1.742,32.43,63.39,22.99,4.435,704.74,4000,0.0607,82.83,11.74,38.0,2,3.0,330.45
3.313,1.871,37.44,69.84,26.72,4.854,864.52,6000,0.0821,74.18,12.46,8.42,423,3.0,549.83
3.542,0.13,16.2,10.0,40.94,2.883,78.05,2000,0.0545,80.67,5.73,43.72,9,0.0,600.0
3.728,1.703,27.02,61.04,57.23,4.78,797.67,5000,0.0726,76.84,9.71,9.41,262,0.5,113.99
3.849,0.554,22.42,26.69,73.49,2.843,210.0,3000,0.1098,77.32,6.88,39.83,411,0.0,131.2
3.31,0.169,23.13,10.0,27.97,2.8,143.48,6000,0.068,80.47,5.89,7.77,20,0.0,600.0
3.306,0.131,19.5,10.0,19.7,3.015,50.0,5000,0.0842,84.34,18.86,12.82,114,3.0,600.0
3.396,1.476,32.52,46.48,35.31,4.483,703.31,3000,0.1085,73.96,9.51,21.43,655,0.5,129.47
3.913,1.172,34.08,38.95,76.55,3.7,513.77,5000,0.0863,82.36,16.34,18.98,359,0.0,74.23
3.103,1.067,23.03,41.3,5.79,3.603,418.58,6000,0.0672,80.58,8.56,44.95,134,0.5,508.39
3.702,1.495,30.92,42.87,59.23,3.999,680.46,5000,0.0721,86.41,14.54,23.41,287,0.0,95.38
3.595,1.37,27.39,46.9,43.17,3.746,593.16,4000,0.0871,75.13,15.64,10.05,358,3.0,600.0
3.266,1.845,29.49,58.67,17.88,5.017,850.98,6000,0.0676,83.66,13.34,17.53,85,0.0,191.41
3.324,1.801,32.98,65.91,30.68,4.673,797.25,5000,0.089,78.09,11.6,31.12,445,0.5,161.92
3.247,1.525,28.15,52.95,23.0,4.621,739.77,2000,0.0557,78.97,10.77,30.73,127,1.0,99.51
3.932,1.68,30.12,55.21,75.23,4.663,708.07,5000,0.0573,79.93,9.88,31.62,150,1.5,74.46
3.52,0.274,13.44,10.0,43.55,2.947,138.99,4000,0.1866,67.29,18.01,44.93,1500,0.0,600.0
3.504,0.744,20.82,38.09,50.05,3.564,336.56,3000,0.0955,80.89,16.63,49.93,370,0.5,218.44
3.581,0.186,23.91,10.0,52.5,2.766,78.72,3000,0.0518,80.97,18.51,37.97,89,3.0,600.0
3.686,0.365,26.97,10.0,56.17,3.432,247.31,3000,0.0421,85.42,6.74,25.88,2,0.0,248.89
3.58,1.352,27.93,41.0,44.64,4.56,625.19,2000,0.0749,82.47,15.23,21.72,196,0.0,51.88
3.122,0.127,17.38,10.0,6.43,2.676,50.0,4000,0.0742,82.11,18.14,63.37,243,0.0,600.0
3.479,1.166,28.04,35.23,31.78,3.95,520.19,6000,0.0657,79.36,7.54,30.24,210,0.0,273.21
3.202,0.512,26.0,14.04,19.71,2.918,129.63,3000,0.1268,77.54,5.93,35.32,687,1.0,600.0
3.681,1.581,24.28,57.62,59.41,4.225,640.13,4000,0.084,85.66,15.38,19.6,397,0.0,70.88
3.113,1.865,22.35,66.65,9.54,4.641,814.38,5000,0.0401,80.16,13.04,19.46,119,0.5,182.83
3.517,0.733,25.37,21.56,50.1,3.711,367.29,2000,0.0645,80.56,16.79,12.02,12,3.0,600.0
3.262,0.469,27.05,21.49,21.85,3.042,228.11,4000,0.0546,81.15,6.96,28.82,129,0.0,520.76
3.961,1.293,27.63,39.55,80.91,3.881,539.98,4000,0.0661,76.6,16.13,19.45,233,3.0,199.73
3.422,1.28,32.42,51.14,31.84,4.207,559.93,6000,0.0616,85.34,7.82,22.19,187,0.0,213.68
3.42,0.703,31.16,26.13,31.02,3.386,253.23,4000,0.066,80.26,7.29,49.24,154,0.0,305.72
3.964,0.861,21.81,30.14,78.87,3.991,375.64,6000,0.0599,81.77,7.3,8.51,126,0.0,112.46
3.461,1.047,25.05,32.98,38.39,3.986,455.58,2000,0.0668,86.62,16.4,17.08,69,1.5,161.6
4.003,1.491,25.74,46.65,82.03,4.259,584.47,2000,0.0729,81.97,14.31,32.75,64,0.0,11.04
3.044,1.489,24.85,38.0,6.93,4.613,703.38,5000,0.057,83.12,12.32,31.46,138,2.0,468.95
3.35,1.339,23.87,43.17,29.51,3.869,512.91,6000,0.0441,81.97,10.02,55.91,35,1.5,384.79
3.7,0.886,25.46,29.48,58.3,3.583,355.92,6000,0.0531,78.84,17.28,5.69,83,3.0,600.0
3.911,1.442,30.75,38.92,76.27,3.963,491.9,3000,0.0622,82.07,10.49,52.16,78,2.0,61.0
3.298,1.121,28.44,41.47,25.51,3.82,523.89,3000,0.0664,85.15,16.43,11.09,176,0.0,141.63
3.922,2.049,42.41,67.49,79.44,4.753,829.79,5000,0.0463,77.74,11.15,22.65,13,0.5,40.24
3.579,1.936,31.5,70.6,52.53,4.997,845.81,2000,0.0724,82.09,10.28,8.23,354,2.0,51.73
3.819,2.216,25.97,70.45,69.08,5.178,983.2,3000,0.0444,79.91,11.48,2.03,165,0.0,24.42
3.471,1.142,32.64,44.26,36.78,3.957,489.22,4000,0.0622,77.68,9.22,51.51,222,3.0,600.0
3.177,1.474,22.12,46.9,21.97,4.434,643.21,2000,0.0868,77.87,15.47,15.24,242,1.5,149.91
3.91,1.439,38.74,47.71,77.9,4.49,667.37,4000,0.0612,79.72,12.04,40.16,68,1.5,63.47
4.059,1.42,15.7,48.42,79.65,4.566,630.68,6000,0.0608,79.07,8.25,19.35,127,0.0,64.88
3.528,0.469,18.33,15.41,44.81,2.909,192.65,2000,0.1198,75.96,17.59,56.76,625,1.0,600.0
3.074,1.662,32.22,56.94,5.52,4.874,750.17,5000,0.0662,81.55,10.37,20.75,291,0.0,211.23
3.257,1.799,35.76,50.34,13.78,4.689,767.79,6000,0.1204,73.39,12.61,24.3,698,0.0,256.25
3.626,0.473,17.42,15.06,50.84,3.27,221.0,6000,0.0595,82.78,17.69,16.87,274,0.5,600.0
3.1,2.01,24.69,66.59,6.9,4.996,864.08,4000,0.0573,85.25,13.74,11.98,38,1.0,150.98
3.396,0.488,22.4,10.0,36.75,3.174,199.8,6000,0.0539,82.69,6.64,42.82,13,1.0,600.0
3.367,0.324,29.13,14.01,29.27,2.707,122.73,3000,0.07,77.16,18.16,28.05,172,2.0,600.0
3.745,2.033,21.23,63.21,62.15,5.261,953.91,2000,0.0705,84.65,13.79,2.55,88,3.0,46.32
3.16,1.158,26.65,43.31,9.45,3.47,461.28,3000,0.0642,84.61,9.69,57.59,64,0.5,201.66
3.593,0.815,23.76,27.58,44.1,4.001,396.54,4000,0.0708,82.69,6.95,24.67,329,1.5,540.38
3.617,1.298,20.75,40.39,51.33,4.156,579.17,4000,0.0709,83.53,16.12,12.66,91,0.0,109.15
3.672,1.779,25.05,64.33,54.38,4.945,811.28,2000,0.0555,82.75,13.68,7.69,76,1.5,58.02
3.354,2.007,28.76,75.23,37.41,5.037,880.16,6000,0.0682,79.79,12.47,13.18,379,0.0,135.84
3.24,0.633,22.73,21.29,29.35,3.28,283.35,5000,0.0863,79.52,17.51,34.24,374,0.5,600.0
3.77,0.811,23.93,33.9,59.6,3.287,328.09,4000,0.0653,87.55,16.04,44.23,88,0.0,148.52
3.749,0.896,30.23,28.97,72.81,3.423,392.12,2000,0.0756,79.0,7.12,22.9,357,1.5,113.53
3.742,0.564,30.68,23.62,60.49,3.38,265.51,5000,0.1013,77.59,9.36,81.33,380,1.5,600.0
3.946,0.943,27.96,29.6,79.57,3.993,494.07,6000,0.0518,86.78,8.48,20.79,110,1.0,126.65
3.81,1.383,31.4,55.25,62.38,4.166,569.82,4000,0.0465,85.8,15.42,26.08,13,0.5,77.75
3.792,0.174,20.62,11.18,66.17,2.623,53.68,2000,0.0434,83.85,5.47,10.95,0,0.0,288.82
3.311,1.714,27.46,59.49,18.43,4.529,713.59,2000,0.0477,82.32,12.98,25.09,148,0.0,64.68
3.453,0.932,24.4,18.4,38.56,3.556,418.25,2000,0.0485,82.9,15.67,46.15,84,0.5,119.39
3.583,0.229,16.24,10.0,43.8,2.596,85.17,4000,0.1599,71.64,17.27,62.25,1170,3.0,600.0
3.231,1.193,38.4,33.59,25.5,3.955,553.69,5000,0.0783,74.34,9.79,39.85,296,0.0,265.26
3.452,1.366,28.49,47.31,47.28,4.182,633.98,2000,0.0486,82.58,16.5,5.87,286,3.0,238.44
3.338,0.755,8.63,31.56,28.26,3.733,344.82,6000,0.1193,78.16,6.55,9.97,621,0.0,489.52
3.65,0.995,29.63,36.6,60.0,3.31,397.11,2000,0.1008,81.09,16.85,5.87,437,3.0,600.0
3.508,0.914,14.71,34.78,42.62,3.624,414.45,5000,0.0694,76.7,6.78,14.05,76,0.5,314.74
3.48,1.712,31.9,55.19,41.7,4.687,755.46,4000,0.0387,83.14,10.56,18.14,36,0.0,85.86
4.035,1.177,13.61,31.6,83.69,4.28,507.11,2000,0.0744,78.55,16.16,12.08,273,0.5,25.11
3.384,0.576,20.7,15.35,36.4,3.067,252.48,2000,0.0689,83.72,7.1,38.04,95,1.5,600.0
3.429,1.485,32.17,47.86,33.98,3.937,608.86,6000,0.0731,78.44,8.21,11.55,128,2.0,425.97
3.409,1.322,33.84,44.0,30.49,4.321,614.68,6000,0.0847,79.63,15.11,34.42,199,1.0,340.04
3.909,1.029,28.45,40.64,76.58,3.755,448.25,2000,0.0986,82.21,15.08,42.4,476,1.5,68.68
3.561,1.485,32.63,53.15,44.74,4.181,632.54,2000,0.0602,77.66,13.98,22.28,108,0.0,52.07
3.587,1.052,20.51,46.17,53.0,4.047,535.22,6000,0.0649,79.21,14.72,49.66,305,0.0,203.08
3.214,1.766,32.57,53.87,19.47,4.76,765.41,5000,0.0668,80.41,12.6,36.72,62,0.0,163.51
3.512,1.286,30.39,48.68,48.28,4.029,506.69,3000,0.0693,83.73,8.53,17.66,239,0.0,83.61
3.441,1.596,41.29,57.57,26.97,4.517,717.51,3000,0.0503,81.52,9.84,25.81,0,2.0,173.99
3.823,0.951,20.81,31.11,63.45,4.035,466.12,2000,0.0907,74.06,7.54,18.95,410,0.0,65.04
3.942,0.379,20.82,10.0,71.6,2.938,146.06,6000,0.03,86.17,17.72,41.55,6,0.0,314.25
3.807,1.371,29.93,42.63,62.18,4.132,595.4,4000,0.0668,84.38,13.17,37.37,249,0.0,78.16
3.728,1.859,32.84,58.65,63.42,4.691,751.01,4000,0.0554,84.94,10.61,31.57,9,0.5,44.11
3.475,2.163,34.31,80.64,46.0,4.791,932.34,3000,0.0556,78.96,11.47,8.4,61,0.5,61.36
3.722,0.256,24.62,12.68,61.97,3.044,154.17,5000,0.0683,82.99,18.26,17.04,137,1.0,600.0
3.49,0.754,27.9,29.46,38.81,3.463,375.2,3000,0.0686,78.16,7.15,14.78,108,1.5,600.0
3.671,2.112,22.1,70.83,57.12,4.665,891.36,2000,0.046,77.13,13.21,3.99,42,0.0,22.96
3.197,1.833,16.93,59.97,25.72,4.742,791.02,5000,0.0529,79.83,12.08,10.33,81,1.0,192.53
3.164,1.916,26.61,65.55,10.58,4.715,845.61,4000,0.0746,82.35,13.56,10.52,260,0.0,143.07
3.377,0.285,17.88,10.03,38.08,2.499,118.01,6000,0.0798,80.69,5.25,22.79,221,1.0,600.0
3.482,0.533,18.99,17.28,41.94,2.912,214.96,6000,0.0491,84.79,17.21,40.37,14,0.5,600.0
3.393,0.271,17.57,10.87,25.51,3.118,102.82,2000,0.0597,88.78,18.05,18.54,275,1.5,600.0
3.761,1.687,28.04,50.91,63.22,4.594,808.66,3000,0.049,82.44,12.91,23.56,10,0.0,43.69
3.184,1.681,30.4,57.36,10.88,4.436,686.06,2000,0.0729,78.25,14.75,23.57,156,3.0,285.34
3.291,0.493,15.05,15.88,22.82,2.721,160.41,6000,0.0696,81.93,17.91,25.57,60,0.0,600.0
3.728,1.531,26.86,47.47,64.89,4.541,594.18,4000,0.0705,83.38,14.9,27.73,177,1.0,84.78
3.516,0.807,22.58,30.09,39.97,3.291,284.89,6000,0.0411,81.74,7.14,49.29,60,1.5,600.0
3.734,1.919,32.39,72.95,61.42,4.495,781.81,5000,0.1298,77.73,13.07,22.46,839,3.0,189.55
3.53,1.341,35.05,51.08,50.4,4.32,602.52,6000,0.0622,77.69,13.49,49.79,74,2.0,367.95
3.89,2.017,38.04,65.83,81.06,5.294,874.29,6000,0.0642,78.64,10.94,27.08,55,0.0,37.37
3.653,1.255,22.74,45.16,52.82,3.784,500.85,5000,0.0616,83.28,15.31,24.48,65,2.0,289.55
3.181,0.151,9.79,10.0,6.19,2.756,145.61,3000,0.0928,72.13,18.08,70.69,453,3.0,600.0
3.345,0.323,18.9,11.38,33.23,3.373,151.91,6000,0.0788,75.61,17.96,44.05,202,3.0,600.0
3.149,2.153,21.9,71.64,16.44,5.263,1022.24,2000,0.0698,82.14,11.31,4.28,262,0.0,57.82
3.968,0.679,35.2,24.34,78.97,3.234,286.32,6000,0.1018,80.74,6.59,33.83,500,3.0,600.0
3.094,0.24,13.59,20.57,13.32,2.207,50.0,2000,0.106,79.15,18.79,10.93,485,1.5,600.0
3.55,0.934,26.05,32.41,36.02,3.612,410.04,5000,0.0826,85.37,16.74,27.91,268,1.0,407.8
3.234,0.677,26.61,16.22,23.09,3.109,322.81,6000,0.0604,81.55,6.75,12.32,44,2.0,600.0
3.848,0.355,21.99,10.0,72.74,2.78,143.65,5000,0.0927,81.26,17.89,31.09,370,1.0,600.0
3.316,0.6,32.52,19.13,29.69,2.767,245.64,5000,0.044,77.16,17.18,58.08,45,0.0,471.98
4.059,1.556,28.96,45.62,84.35,4.556,663.2,3000,0.0773,81.56,12.26,35.2,271,0.0,24.43
3.205,1.747,25.27,57.57,8.09,4.449,822.13,6000,0.064,87.09,13.28,21.16,231,0.0,221.78
3.148,1.844,24.89,72.6,15.26,4.296,800.71,2000,0.0755,86.8,10.59,19.06,284,0.0,70.97
3.319,0.132,23.14,10.0,22.97,2.455,50.0,2000,0.0535,89.02,5.77,52.87,152,1.0,600.0
3.773,1.438,27.28,42.5,69.89,4.361,591.0,6000,0.0737,85.29,9.69,34.42,203,0.0,86.85
3.951,0.79,20.01,25.28,75.28,3.368,350.78,3000,0.0915,79.24,16.24,50.95,612,1.0,132.79
3.217,0.311,19.78,10.0,10.72,2.574,50.0,3000,0.0583,85.23,5.06,38.88,21,0.5,600.0
3.164,1.28,31.74,37.71,7.6,4.122,559.47,3000,0.0575,83.58,9.67,24.86,73,1.0,222.3
3.781,1.674,30.67,49.6,64.56,4.536,757.54,2000,0.0879,78.61,10.57,32.59,189,1.0,38.36
3.136,1.017,34.4,40.68,15.67,4.088,491.66,5000,0.1145,71.07,12.52,61.61,665,0.5,492.19
3.188,0.441,20.76,17.2,15.64,3.043,216.56,3000,0.05,85.68,17.88,26.37,20,0.5,600.0
3.066,1.574,25.49,50.04,6.79,4.44,727.6,2000,0.0572,91.04,9.85,18.22,4,2.0,143.58
3.085,1.771,32.52,53.26,8.98,5.097,786.19,2000,0.0496,84.48,9.86,17.19,11,3.0,197.61
3.323,1.494,21.99,47.22,26.09,4.102,583.3,5000,0.0537,77.97,15.33,39.67,10,3.0,600.0
3.119,1.639,24.2,48.49,10.2,4.688,785.19,6000,0.1075,79.07,11.33,20.25,476,0.0,256.68
3.45,1.244,31.1,38.56,34.51,4.117,608.29,6000,0.0728,79.71,8.14,22.86,255,2.0,588.69
3.895,1.401,28.11,57.04,71.62,3.724,626.85,3000,0.0846,76.22,11.33,46.35,226,0.0,54.76
3.37,0.656,30.85,23.06,31.11,3.625,348.63,3000,0.0479,77.17,6.97,10.12,147,0.0,245.92
3.78,1.07,28.04,32.58,63.23,4.234,514.08,5000,0.0964,81.05,7.47,27.99,304,2.0,341.91
3.216,1.42,27.88,50.74,12.51,4.415,610.02,3000,0.0354,84.28,11.98,49.15,33,0.5,139.95
3.666,1.692,31.99,51.74,57.75,4.425,746.73,5000,0.0734,78.26,10.86,31.6,99,0.0,104.67
3.365,0.473,33.14,13.74,30.34,2.98,188.81,2000,0.0447,76.18,17.81,28.17,134,3.0,600.0
3.728,1.383,32.53,36.84,64.98,4.159,582.61,3000,0.0721,85.19,10.07,37.74,23,0.0,59.67
3.215,1.761,32.48,65.07,15.9,4.515,715.79,2000,0.0624,79.79,13.13,32.32,108,1.5,101.72
3.932,1.872,25.87,61.38,76.83,4.837,806.9,4000,0.0482,83.27,13.85,24.54,76,1.0,46.16
3.316,0.234,27.1,10.0,24.41,2.677,50.0,5000,0.0694,82.41,5.18,5.08,7,0.0,600.0
3.35,1.345,34.85,48.08,33.25,4.029,587.02,4000,0.042,78.27,14.29,38.93,29,0.0,147.74
4.01,1.319,20.88,38.73,81.01,4.063,563.21,3000,0.0765,84.76,7.49,9.09,288,0.5,38.62
3.62,0.187,28.21,10.0,51.28,2.879,65.64,2000,0.0763,80.97,18.45,40.66,3,0.0,432.14
3.463,1.068,23.62,33.7,34.26,4.33,457.32,3000,0.1084,80.36,7.08,4.91,544,2.0,447.93
3.95,2.067,25.31,62.91,80.97,4.856,900.39,4000,0.0315,84.74,10.8,13.41,18,0.5,22.99
3.41,0.606,17.52,16.92,31.33,3.053,186.35,3000,0.0794,73.35,6.19,31.14,321,1.0,600.0
3.173,0.183,21.91,10.0,12.59,2.564,50.0,6000,0.0921,80.59,18.96,23.48,457,0.5,600.0
4.093,1.912,25.83,63.19,84.75,4.909,860.91,4000,0.1085,75.22,12.03,20.66,566,1.0,33.94
3.311,1.127,23.88,30.94,26.43,3.766,392.66,3000,0.09,83.02,13.34,68.17,404,0.5,185.06
3.849,0.367,17.65,11.01,73.1,2.944,178.04,2000,0.0622,77.77,5.94,41.26,67,1.5,600.0
3.194,1.473,24.64,52.02,18.24,3.86,648.54,3000,0.0428,85.73,15.5,5.31,81,3.0,446.1
3.707,0.663,21.49,25.85,63.51,3.601,328.43,2000,0.0556,81.29,7.94,49.06,111,0.0,82.09
3.538,0.343,18.85,10.0,46.96,2.851,119.16,6000,0.0561,80.11,17.57,45.48,30,1.5,600.0
3.885,1.067,29.29,34.61,83.47,3.509,394.96,3000,0.0428,83.77,7.87,36.08,4,0.0,33.85
3.659,0.839,25.52,26.72,49.23,3.573,434.72,6000,0.1016,76.92,7.67,18.81,406,3.0,600.0
3.181,0.101,16.15,10.0,7.0,2.717,56.71,4000,0.0587,79.72,5.51,39.61,161,3.0,600.0
3.632,1.909,27.81,60.93,53.31,4.518,790.85,2000,0.0701,84.59,11.61,28.42,187,3.0,66.89
3.221,1.114,29.06,41.11,16.63,3.848,536.76,4000,0.1013,82.05,12.91,43.66,523,0.0,242.61
3.835,0.244,19.42,12.19,68.88,2.474,81.99,2000,0.0617,79.44,5.92,14.19,218,2.0,600.0
3.817,1.043,24.97,36.82,73.53,3.771,516.14,6000,0.074,82.05,15.86,17.51,234,0.5,145.7
3.574,2.137,34.26,57.91,43.57,5.141,922.13,5000,0.0678,74.09,11.35,10.94,309,3.0,218.9
3.871,2.022,30.95,63.48,67.66,4.64,886.09,3000,0.048,80.02,12.34,15.09,24,0.0,34.93
3.147,2.106,30.9,72.55,16.61,4.86,780.88,6000,0.0592,77.08,11.17,19.98,89,0.0,172.89
3.549,1.787,36.48,68.13,44.37,4.319,753.49,2000,0.1046,75.92,10.61,32.37,689,3.0,136.55
3.425,1.658,39.15,55.18,36.52,4.78,824.89,2000,0.1074,77.47,12.83,15.23,512,0.0,63.19
3.706,0.869,16.87,29.45,53.91,3.649,385.7,2000,0.0956,76.68,7.17,27.15,430,3.0,600.0
3.099,0.774,16.05,25.22,8.56,3.494,304.12,2000,0.0673,77.05,7.55,48.51,120,1.5,600.0
3.779,0.529,20.68,11.12,65.17,3.35,251.16,3000,0.0889,80.85,17.06,35.97,389,2.0,600.0
3.227,0.206,23.27,10.0,11.33,2.785,110.61,4000,0.0394,81.59,18.25,19.67,9,0.0,600.0
3.626,2.111,30.82,62.75,57.52,5.047,946.6,5000,0.0532,84.28,10.23,1.55,32,2.0,92.34
3.09,1.405,31.94,46.42,6.48,4.24,594.33,3000,0.0668,86.99,8.79,28.0,106,0.0,142.22
3.863,1.712,26.68,57.5,71.55,4.76,808.36,2000,0.0513,80.52,14.02,18.61,132,1.5,26.98
3.198,1.952,19.66,65.33,18.98,4.841,883.78,3000,0.045,80.0,10.72,11.69,61,0.5,87.41
3.657,0.217,11.49,10.0,46.24,2.711,50.0,6000,0.0563,74.18,5.36,28.67,88,0.0,600.0
3.328,0.859,25.88,25.07,25.92,3.555,399.21,2000,0.0498,84.77,7.19,45.25,35,0.5,150.93
3.787,1.504,32.34,53.58,62.81,4.25,685.83,5000,0.0632,81.02,15.02,17.18,134,1.0,117.74
3.409,1.218,18.82,40.97,30.71,4.051,596.52,2000,0.0786,78.97,14.22,41.98,315,2.0,234.21
3.74,0.178,25.44,10.0,62.97,2.734,50.0,5000,0.0732,83.03,5.38,23.35,216,0.0,600.0
3.396,1.211,27.57,35.02,27.79,3.717,514.24,5000,0.0644,80.59,8.11,34.31,22,0.0,231.48
3.834,0.878,25.17,33.29,65.2,3.659,343.7,4000,0.0687,78.81,8.24,47.99,133,0.0,119.22
3.083,1.981,24.95,66.22,7.45,4.78,876.8,4000,0.0745,80.67,14.41,1.59,239,3.0,347.74
3.379,0.145,26.07,10.0,27.66,2.184,50.0,3000,0.0539,77.53,5.28,35.24,150,0.0,600.0
3.601,0.438,25.68,13.64,44.89,3.099,179.04,3000,0.0527,81.22,6.46,65.77,99,0.0,291.6
3.143,0.472,27.0,11.71,8.6,2.697,270.43,5000,0.0778,83.45,16.2,53.79,194,1.5,600.0
3.197,1.352,20.17,46.58,19.88,3.638,491.39,2000,0.1145,77.39,7.5,12.28,692,0.0,101.36
3.953,1.737,36.54,64.16,79.76,4.951,721.11,6000,0.0422,74.62,14.14,31.63,19,0.0,56.02
4.022,0.722,25.89,18.67,83.15,3.569,314.25,6000,0.0808,86.94,8.33,71.83,98,3.0,600.0
3.783,0.693,22.52,23.89,64.18,3.554,314.87,2000,0.0756,82.49,6.39,20.96,104,2.0,600.0
3.265,1.203,26.25,40.81,25.18,3.561,471.2,2000,0.066,79.12,8.4,47.98,172,2.0,281.19
3.296,1.254,23.03,31.08,25.84,3.956,547.64,4000,0.0425,82.79,15.11,30.1,33,2.0,397.03
3.698,0.972,24.24,36.57,56.66,3.805,387.6,6000,0.061,82.61,16.98,22.0,38,1.5,404.78
3.097,0.442,27.01,25.22,14.41,3.227,219.78,5000,0.0518,80.98,16.62,47.77,67,1.0,600.0
3.971,1.133,27.09,38.45,80.86,4.191,536.89,3000,0.1213,81.3,10.56,47.71,624,0.0,45.12
3.311,1.892,29.33,69.87,22.99,5.146,839.71,4000,0.0715,77.64,14.35,13.02,264,2.0,207.27
4.034,0.719,24.99,17.68,84.97,3.493,315.76,6000,0.0881,83.72,7.87,53.04,216,0.0,94.6
3.493,1.631,31.84,50.79,44.66,4.161,699.22,2000,0.0787,75.29,9.1,0.54,339,3.0,188.53
3.766,0.973,19.68,32.78,66.71,3.611,363.51,6000,0.0763,82.41,17.55,21.42,27,3.0,600.0
3.136,0.245,19.01,10.0,5.17,2.614,59.05,5000,0.0912,80.02,5.18,29.08,392,1.5,600.0
3.866,0.716,22.7,24.06,76.1,2.943,257.05,4000,0.0818,83.31,6.2,21.06,180,0.0,102.98
3.378,0.874,23.19,34.16,26.6,3.816,416.92,2000,0.0527,83.79,7.91,27.98,81,1.0,201.04
3.67,0.163,14.24,10.0,58.43,2.971,84.73,5000,0.0707,76.99,5.37,18.35,338,1.5,600.0
3.891,1.083,20.61,41.35,69.51,3.665,434.14,3000,0.0593,77.25,7.54,26.32,324,1.5,126.68
3.245,1.455,31.59,38.89,18.13,4.165,586.88,4000,0.1001,75.98,13.16,42.01,373,0.0,193.02
3.467,1.749,28.41,55.46,40.4,4.095,736.92,5000,0.0531,84.25,10.9,27.75,24,1.5,178.59
3.446,0.134,20.07,10.0,44.51,2.954,83.88,5000,0.1072,73.34,17.5,62.36,697,0.0,600.0
3.38,0.807,26.98,22.28,29.97,3.752,401.06,2000,0.1273,74.29,16.44,27.47,641,1.5,600.0
3.532,1.747,33.46,55.46,43.54,4.618,758.39,3000,0.0704,84.98,9.79,23.12,88,0.0,71.87
3.386,0.446,32.32,21.85,30.4,2.892,235.49,5000,0.0651,81.0,8.63,75.01,13,0.0,600.0
3.433,1.517,25.98,56.75,33.86,3.936,647.05,4000,0.0402,86.18,10.32,48.77,36,2.0,212.83
3.637,1.442,34.07,51.68,58.55,4.486,579.58,5000,0.1612,75.76,13.26,38.58,987,1.5,209.71
3.687,1.59,37.02,58.19,55.61,4.185,691.07,6000,0.0703,78.72,8.75,6.75,165,0.0,126.67
3.32,0.882,29.61,26.29,23.58,3.742,445.4,4000,0.0731,81.18,13.74,57.95,88,0.0,264.87
3.958,1.343,29.09,38.64,76.8,3.979,613.18,4000,0.0621,81.63,10.73,42.21,67,2.0,89.4
3.826,2.284,28.41,72.08,74.02,4.679,966.76,5000,0.0576,87.88,12.73,10.76,59,0.0,42.33
3.606,1.469,24.41,45.67,45.73,4.296,625.54,2000,0.0844,81.22,11.11,37.37,218,0.0,58.64
3.497,1.611,31.51,50.67,39.66,4.488,684.65,4000,0.0693,81.88,9.12,13.74,108,1.5,162.61
3.45,0.455,18.93,17.81,35.15,2.5,122.37,6000,0.128,78.91,18.28,53.28,672,0.5,600.0
3.694,0.878,24.94,30.87,61.58,3.733,370.82,2000,0.0681,83.77,15.69,55.02,230,2.0,252.26
3.743,0.655,25.93,20.94,58.73,3.142,274.08,2000,0.0797,85.2,6.96,45.28,314,0.5,120.51
3.162,0.747,26.08,24.34,20.69,3.077,291.11,2000,0.0396,82.8,17.16,18.58,69,0.0,156.38
3.662,1.314,26.99,49.29,58.72,3.989,630.0,4000,0.046,86.04,11.82,43.91,16,0.0,91.06
3.366,0.769,18.36,19.19,25.19,3.651,358.1,2000,0.0712,75.7,17.52,8.76,133,0.5,206.9
3.113,0.743,21.44,28.71,6.48,3.095,359.39,5000,0.0631,86.9,16.2,30.26,75,2.0,600.0
3.746,1.779,40.19,48.73,60.94,4.307,753.75,2000,0.0447,81.56,10.95,22.69,45,1.5,39.72
3.726,0.1,25.6,10.0,56.58,2.723,50.0,6000,0.1238,78.66,5.31,22.08,610,2.0,600.0
3.505,1.684,30.15,63.68,37.86,4.513,716.15,3000,0.0914,83.16,8.76,9.32,117,1.5,117.08
3.603,1.823,28.01,62.26,47.05,4.509,811.58,6000,0.0448,86.08,12.58,29.19,38,0.5,129.95
3.958,1.796,27.54,57.52,80.77,4.955,805.74,4000,0.0523,80.44,13.87,12.94,44,0.0,36.24
3.587,1.358,28.13,49.86,52.62,3.798,557.58,2000,0.0503,82.69,8.61,19.31,65,1.0,80.0
3.658,0.411,33.51,16.67,57.63,3.111,239.41,2000,0.1948,65.61,6.95,38.42,1457,0.0,246.93
3.192,0.772,24.81,28.49,10.11,3.416,361.01,5000,0.0589,87.81,16.69,29.0,62,2.0,600.0
3.156,0.407,20.51,12.55,18.28,2.569,50.0,2000,0.0509,84.9,18.78,19.69,79,1.0,600.0
3.373,2.305,17.21,81.65,29.08,5.005,932.97,6000,0.0687,79.09,12.36,13.17,215,1.0,163.7
3.602,0.573,24.88,15.9,48.15,3.361,332.15,4000,0.0578,83.17,7.4,34.58,69,0.0,278.63
3.879,1.2,19.75,36.54,67.13,3.953,550.25,3000,0.0595,81.92,8.81,35.99,48,0.0,57.36
3.393,0.12,15.63,13.37,30.7,2.6,50.0,2000,0.0681,78.05,5.26,16.97,34,0.0,600.0
3.381,0.274,20.76,10.0,33.51,3.216,182.82,3000,0.0573,82.06,17.8,20.72,74,0.0,555.52
3.286,0.782,20.18,15.91,25.49,3.15,255.27,2000,0.0466,79.66,6.65,29.79,22,0.0,142.97
3.304,2.011,26.43,72.36,25.37,5.048,883.67,4000,0.0573,87.06,13.07,12.9,3,2.0,147.67
4.028,1.341,23.63,51.52,80.91,4.162,598.35,6000,0.0866,85.08,8.84,32.57,326,2.0,114.87
3.71,2.041,28.75,66.84,55.84,4.976,881.1,4000,0.051,86.0,12.76,11.18,29,0.5,65.5
3.155,1.677,27.23,45.43,17.47,4.624,721.8,3000,0.0848,77.96,14.12,14.44,299,2.0,223.19
3.767,1.18,23.64,39.05,62.78,3.79,556.64,2000,0.0781,81.11,16.62,0.73,319,0.0,54.85
3.794,1.244,24.48,51.81,62.76,3.96,489.3,3000,0.0601,85.23,7.89,13.86,154,1.5,91.55
3.688,0.13,24.2,10.0,58.32,2.594,50.0,6000,0.0384,86.34,5.15,4.68,74,1.0,600.0
3.081,0.917,12.13,34.41,15.78,3.251,345.9,4000,0.0498,73.77,6.92,20.08,31,2.0,600.0
3.442,0.526,22.27,21.67,37.64,3.356,256.86,3000,0.059,83.83,17.6,17.15,266,0.0,263.03
3.088,0.604,22.35,25.0,13.54,3.356,344.9,3000,0.0619,78.61,17.23,5.18,183,1.5,600.0
3.762,1.893,28.7,72.41,70.33,4.675,769.71,6000,0.0771,81.19,13.36,27.04,213,1.5,93.06
3.742,0.877,25.8,34.63,57.41,2.921,353.27,2000,0.035,88.42,13.41,52.79,1,0.0,56.83
3.673,1.121,27.48,36.97,45.58,3.851,441.97,3000,0.1005,82.91,14.31,66.79,524,1.5,205.03
3.458,1.148,15.55,32.69,32.44,4.248,451.06,6000,0.052,84.86,7.46,6.14,13,0.0,249.16
3.106,0.497,21.55,18.7,19.74,3.092,217.63,2000,0.0567,79.58,17.8,30.91,91,1.5,600.0
3.154,1.556,31.5,50.91,13.52,4.359,700.96,2000,0.0555,78.93,10.86,35.27,103,1.5,136.34
3.961,1.544,25.58,55.04,82.54,4.271,683.19,4000,0.0533,83.07,10.36,40.36,0,1.0,44.71
3.178,1.941,39.68,60.38,20.97,4.874,829.74,6000,0.0683,77.24,12.26,21.44,137,0.0,186.88
3.141,0.173,18.5,10.0,9.79,2.613,63.8,2000,0.0779,80.59,5.66,34.08,279,0.0,600.0
3.974,0.379,23.63,12.69,81.93,3.304,247.26,4000,0.0803,85.33,7.33,41.24,346,0.0,142.02
3.529,0.82,33.11,22.64,48.92,3.843,365.99,5000,0.1009,75.32,15.33,57.24,423,0.0,269.04
3.722,0.361,31.13,12.22,68.73,2.931,96.49,6000,0.0502,79.41,6.16,29.3,133,0.0,411.0
3.072,2.012,23.68,71.01,8.5,4.88,885.5,5000,0.0768,87.03,13.44,3.93,199,1.0,191.53
3.605,1.478,23.07,58.82,50.36,3.784,552.45,2000,0.0558,80.57,8.43,22.33,16,2.0,98.86
3.436,1.357,28.67,41.55,36.86,4.162,639.34,6000,0.0653,84.51,10.45,33.99,133,3.0,600.0
3.854,1.556,23.43,56.38,66.76,4.293,669.16,4000,0.0532,83.79,9.04,18.37,33,1.5,78.52
3.114,1.256,32.86,31.98,8.07,3.862,596.06,2000,0.0403,82.07,9.98,38.86,92,0.0,112.06
3.428,1.509,22.68,50.26,37.14,4.631,701.56,6000,0.0718,80.92,15.07,8.46,79,0.0,179.24
3.786,0.487,33.69,16.59,68.93,3.3,251.56,6000,0.0694,82.53,9.16,64.34,110,2.0,600.0
3.473,1.964,32.82,69.55,46.82,4.382,767.08,5000,0.0573,78.33,12.93,17.97,169,0.0,103.07
3.533,2.127,35.78,68.3,49.0,4.727,947.0,2000,0.1042,72.41,11.66,9.9,466,0.5,43.94
3.221,1.782,24.01,60.63,12.77,4.867,815.12,4000,0.0619,85.17,14.29,13.2,100,2.0,227.68
3.23,0.113,17.78,10.0,15.59,2.308,50.0,4000,0.1236,67.92,18.12,48.65,794,0.0,600.0
3.724,1.377,31.07,40.27,59.16,4.196,615.79,2000,0.0903,78.37,15.26,14.21,284,0.0,55.87
3.683,1.244,28.6,31.69,59.0,3.814,511.83,2000,0.06,83.15,8.01,32.03,143,1.5,93.02
4.062,0.1,17.1,10.0,83.33,2.796,50.0,3000,0.0842,82.23,5.44,58.35,206,1.5,600.0
3.693,1.382,25.72,41.08,61.96,4.435,650.11,5000,0.0574,88.2,8.67,12.78,21,2.0,160.92
3.484,1.495,27.23,52.13,44.46,4.029,620.7,2000,0.0968,86.26,13.33,51.12,372,1.0,59.65
3.878,0.151,18.41,14.79,73.59,2.918,87.99,2000,0.0732,85.18,5.72,40.88,174,2.0,600.0
3.051,2.063,25.17,72.94,13.36,5.008,940.84,3000,0.1407,78.25,11.95,4.06,854,0.0,98.73
3.439,1.278,23.71,37.76,40.94,4.134,597.67,3000,0.0724,86.12,13.36,43.84,202,0.0,96.67
3.324,1.526,33.24,43.55,27.97,4.252,639.51,6000,0.0786,79.1,9.68,44.35,359,0.0,228.26
3.137,1.572,24.44,48.51,13.37,4.754,661.73,4000,0.0827,84.1,15.79,3.59,321,2.0,313.37
3.744,0.683,27.04,23.63,66.08,3.181,258.42,5000,0.0676,81.63,6.49,26.0,84,0.0,203.59
3.652,0.228,23.12,10.0,45.86,2.579,151.42,6000,0.0632,85.08,6.05,28.85,60,2.0,600.0
3.663,1.354,28.26,51.94,49.54,4.128,649.46,2000,0.0662,81.26,15.19,20.91,112,0.0,60.18
3.541,2.111,26.45,73.69,37.9,5.044,878.65,3000,0.0415,82.81,11.94,18.51,125,0.0,48.77
3.497,1.672,21.66,52.07,41.83,4.425,726.52,4000,0.0533,84.52,14.64,7.19,54,1.0,112.97
3.147,1.598,27.43,57.49,14.28,4.493,729.73,6000,0.0917,86.47,11.09,34.77,449,1.0,299.02
3.786,1.544,33.64,59.0,58.83,4.285,686.23,4000,0.0546,81.24,8.45,0.91,156,2.0,137.89
3.479,0.827,28.35,25.98,39.6,3.077,418.01,3000,0.1357,77.13,16.47,27.08,767,3.0,600.0
3.791,0.956,21.81,34.25,70.34,3.555,443.81,6000,0.0629,78.37,16.19,20.62,332,1.0,232.5
3.199,1.466,25.33,44.5,20.7,4.225,638.1,6000,0.0746,86.17,14.73,23.54,162,3.0,600.0
3.241,1.104,22.07,36.1,21.4,3.429,470.22,4000,0.122,77.83,8.81,37.03,587,3.0,600.0
3.679,1.674,21.72,51.33,56.66,4.283,740.21,3000,0.0619,83.56,13.26,20.74,140,0.5,64.26
3.876,1.513,29.24,56.65,72.68,4.271,674.28,2000,0.0929,81.68,10.05,33.2,436,0.0,31.66
3.504,0.547,29.36,15.72,42.78,3.002,208.41,6000,0.0685,86.21,6.28,24.36,88,0.0,469.57
3.875,0.337,29.1,13.43,63.16,2.995,152.72,2000,0.0519,84.99,17.84,18.29,95,0.0,162.06
3.952,0.94,25.41,34.52,84.95,3.627,433.39,3000,0.0674,80.24,6.92,26.54,108,2.0,106.05
4.044,0.1,16.19,18.88,84.22,2.711,51.29,6000,0.0566,74.82,18.3,37.13,158,2.0,600.0
3.751,1.554,22.56,50.47,64.55,4.437,761.53,6000,0.0539,84.71,11.24,33.93,161,1.5,140.89
