time_s,v_solar_mV,v_battery_mV,v_supercap_mV,i_input_mA,i_output_mA,p_input_mW,p_output_mW,e_input_mJ,e_output_mJ,efficiency_pct,sc_soc_pct,sc_energy_mJ,session_s
0.0,0,11565,2000,3,0,0,0,0,0,0,0,100069,0
30.0,0,11565,2001,3,0,0,0,0,0,0,0,100138,30
60.0,0,11565,2002,3,0,0,0,0,0,0,0,100209,60
90.0,0,11565,2002,3,0,0,0,0,0,0,0,100279,90
120.0,0,11565,2003,3,0,0,0,0,0,0,0,100351,120
150.0,0,11565,2004,3,0,0,0,0,0,0,0,100423,150
180.0,0,11565,2004,4,0,0,0,0,0,0,0,100496,180
210.0,0,11565,2005,4,0,0,0,0,0,0,0,100569,210
240.0,0,11565,2006,4,0,0,0,0,0,0,0,100643,240
270.0,0,11565,2007,4,0,0,0,0,0,0,0,100718,270
300.0,0,11565,2007,4,0,0,0,0,0,0,0,100793,300
330.0,0,11565,2008,4,0,0,0,0,0,0,0,100869,330
360.0,0,11565,2009,4,0,0,0,0,0,0,0,100945,360
390.0,0,11565,2010,4,0,0,0,0,0,0,0,101022,390
420.0,0,11565,2010,4,0,0,0,0,0,0,0,101100,420
450.0,0,11565,2011,4,0,0,0,0,0,0,0,101179,450
480.0,0,11565,2012,4,0,0,0,0,0,0,0,101258,480
510.0,0,11565,2013,4,0,0,0,0,0,0,0,101338,510
540.0,0,11565,2014,4,0,0,0,0,0,0,0,101418,540
570.0,0,11565,2014,4,0,0,0,0,0,0,0,101499,570
600.0,0,11565,2015,4,0,0,0,0,0,0,0,101581,600
630.0,0,11565,2016,4,0,0,0,0,0,0,0,101664,630
660.0,0,11565,2017,4,0,0,0,0,0,0,0,101747,660
690.0,0,11565,2018,4,0,0,0,0,0,0,0,101831,690
720.0,0,11565,2019,4,0,0,0,0,0,0,0,101916,720
750.0,0,11565,2019,4,0,0,0,0,0,0,0,102001,750
780.0,0,11565,2020,4,0,0,0,0,0,0,0,102087,780
810.0,0,11565,2021,4,0,0,0,0,0,0,0,102174,810
840.0,0,11565,2022,4,0,0,0,0,0,0,0,102262,840
870.0,0,11565,2023,4,0,0,0,0,0,0,0,102350,870
900.0,0,11565,2024,4,0,0,0,0,0,0,0,102439,900
930.0,0,11565,2025,4,0,0,0,0,0,0,0,102529,930
960.0,0,11565,2026,4,0,0,0,0,0,0,0,102620,960
990.0,0,11565,2026,5,0,0,0,0,0,0,0,102711,990
1020.0,0,11565,2027,5,0,0,0,0,0,0,0,102803,1020
1050.0,0,11565,2028,5,0,0,0,0,0,0,0,102896,1050
1080.0,0,11565,2029,5,0,0,0,0,0,0,0,102990,1080
1110.0,0,11565,2030,5,0,0,0,0,0,0,0,103084,1110
1140.0,0,11565,2031,5,0,0,0,0,0,0,0,103179,1140
1170.0,0,11565,2032,5,0,0,0,0,0,0,0,103276,1170
1200.0,0,11565,2033,5,0,0,0,0,0,0,0,103372,1200
1230.0,0,11565,2034,5,0,0,0,0,0,0,0,103470,1230
1260.0,0,11565,2035,5,0,0,0,0,0,0,0,103569,1260
1290.0,0,11565,2036,5,0,0,0,0,0,0,0,103668,1290
1320.0,0,11565,2037,5,0,0,0,0,0,0,0,103768,1320
1350.0,0,11565,2038,5,0,0,0,0,0,0,0,103869,1350
1380.0,0,11565,2039,5,0,0,0,0,0,0,0,103971,1380
1410.0,0,11565,2040,5,0,0,0,0,0,0,0,104074,1410
1440.0,0,11565,2041,5,0,0,0,0,0,0,0,104178,1440
1470.0,0,11565,2042,5,0,0,0,0,0,0,0,104282,1470
1500.0,0,11565,2043,5,0,0,0,0,0,0,0,104388,1500
1530.0,0,11565,2044,5,0,0,0,0,0,0,0,104494,1530
1560.0,0,11565,2045,5,0,0,0,0,0,0,0,104601,1560
1590.0,0,11565,2046,5,0,0,0,0,0,0,0,104709,1590
1620.0,0,11565,2047,5,0,0,0,0,0,0,0,104818,1620
1650.0,0,11565,2048,5,0,0,0,0,0,0,0,104928,1650
1680.0,0,11565,2049,6,0,0,0,0,0,0,0,105039,1680
1710.0,0,11565,2050,6,0,0,0,0,0,0,0,105151,1710
1740.0,0,11565,2051,6,0,0,0,0,0,0,0,105263,1740
1770.0,0,11565,2053,6,0,0,0,0,0,0,0,105377,1770
1800.0,0,11565,2054,6,0,0,0,0,0,0,0,105492,1800
1830.0,0,11565,2055,6,0,0,0,0,0,0,0,105607,1830
1860.0,0,11565,2056,6,0,0,0,0,0,0,0,105724,1860
1890.0,0,11565,2057,6,0,0,0,0,0,0,0,105841,1890
1920.0,0,11565,2058,6,0,0,0,0,0,0,0,105960,1920
1950.0,0,11565,2059,6,0,0,0,0,0,0,0,106079,1950
1980.0,0,11565,2061,6,0,0,0,0,0,0,0,106200,1980
2010.0,0,11565,2062,6,0,0,0,0,0,0,0,106321,2010
2040.0,0,11565,2063,6,0,0,0,0,0,0,0,106444,2040
2070.0,0,11565,2064,6,0,0,0,0,0,0,0,106567,2070
2100.0,0,11565,2065,6,0,0,0,0,0,0,0,106692,2100
2130.0,0,11565,2067,6,0,0,0,0,0,0,0,106817,2130
2160.0,0,11565,2068,6,0,0,0,0,0,0,0,106944,2160
2190.0,0,11565,2069,6,0,0,0,0,0,0,0,107072,2190
2220.0,0,11565,2070,6,0,0,0,0,0,0,0,107201,2220
2250.0,0,11565,2072,6,0,0,0,0,0,0,0,107331,2250
2280.0,0,11565,2073,7,0,0,0,0,0,0,0,107462,2280
2310.0,0,11565,2074,7,0,0,0,0,0,0,0,107594,2310
2340.0,0,11565,2075,7,0,0,0,0,0,0,0,107727,2340
2370.0,0,11565,2077,7,0,0,0,0,0,0,0,107861,2370
2400.0,0,11565,2077,3,0,0,0,0,0,0,0,107927,2400
2430.0,0,11565,2078,3,0,0,0,0,0,0,0,107993,2430
2460.0,0,11565,2079,3,0,0,0,0,0,0,0,108060,2460
2490.0,0,11565,2079,3,0,0,0,0,0,0,0,108128,2490
2520.0,0,11565,2080,3,0,0,0,0,0,0,0,108196,2520
2550.0,0,11565,2081,3,0,0,0,0,0,0,0,108264,2550
2580.0,0,11565,2081,3,0,0,0,0,0,0,0,108334,2580
2610.0,0,11565,2082,3,0,0,0,0,0,0,0,108403,2610
2640.0,0,11565,2083,7,0,0,0,0,0,0,0,108548,2640
2670.0,0,11565,2085,7,0,0,0,0,0,0,0,108693,2670
2700.0,0,11565,2086,7,0,0,0,0,0,0,0,108840,2700
2730.0,0,11565,2087,7,0,0,0,0,0,0,0,108988,2730
2760.0,0,11565,2089,7,0,0,0,0,0,0,0,109137,2760
2790.0,0,11565,2090,8,0,0,0,0,0,0,0,109288,2790
2820.0,0,11565,2092,8,0,0,0,0,0,0,0,109440,2820
2850.0,0,11565,2093,8,0,0,0,0,0,0,0,109593,2850
2880.0,0,11565,2095,8,0,0,0,0,0,0,0,109747,2880
2910.0,0,11565,2096,8,0,0,0,0,0,0,0,109903,2910
2940.0,0,11565,2098,8,0,0,0,0,0,0,0,110059,2940
2970.0,0,11565,2099,8,0,0,0,0,0,0,0,110218,2970
3000.0,0,11565,2099,1,0,0,0,0,0,0,0,110244,3000
3030.0,0,11565,2100,1,0,0,0,0,0,0,0,110271,3030
3060.0,0,11565,2100,1,0,0,0,0,0,0,0,110299,3060
3090.0,0,11565,2102,8,0,0,0,0,0,0,0,110462,3090
3120.0,0,11565,2103,8,0,0,0,0,0,0,0,110627,3120
3150.0,0,11565,2105,8,0,0,0,0,0,0,0,110793,3150
3180.0,0,11565,2106,8,0,0,0,0,0,0,0,110960,3180
3210.0,0,11565,2108,8,0,0,0,0,0,0,0,111129,3210
3240.0,0,11565,2109,8,0,0,0,0,0,0,0,111299,3240
3270.0,0,11565,2111,9,0,0,0,0,0,0,0,111471,3270
3300.0,0,11565,2113,9,0,0,0,0,0,0,0,111644,3300
3330.0,0,11565,2114,9,0,0,0,0,0,0,0,111818,3330
3360.0,0,11565,2116,9,0,0,0,0,0,0,0,111994,3360
3390.0,0,11565,2118,9,0,0,0,0,0,0,0,112172,3390
3420.0,0,11565,2119,9,0,0,0,0,0,0,0,112351,3420
3450.0,0,11565,2121,9,0,0,0,0,0,0,0,112531,3450
3480.0,0,11565,2123,9,0,0,0,0,0,0,0,112713,3480
3510.0,0,11565,2125,9,0,0,0,0,0,0,0,112896,3510
3540.0,0,11565,2126,9,0,0,0,0,0,0,0,113081,3540
3570.0,0,11565,2128,9,0,0,0,0,0,0,0,113268,3570
3600.0,0,11565,2130,9,0,0,0,0,0,0,0,113456,3600
3630.0,0,11565,2132,9,0,0,0,0,0,0,0,113646,3630
3660.0,0,11565,2133,9,0,0,0,0,0,0,0,113837,3660
3690.0,0,11565,2135,10,0,0,0,0,0,0,0,114030,3690
3720.0,0,11565,2137,10,0,0,0,0,0,0,0,114224,3720
3750.0,0,11565,2139,10,0,0,0,0,0,0,0,114420,3750
3780.0,0,11565,2141,10,0,0,0,0,0,0,0,114618,3780
3810.0,0,11565,2143,10,0,0,0,0,0,0,0,114817,3810
3840.0,0,11565,2144,10,0,0,0,0,0,0,0,115018,3840
3870.0,0,11565,2146,10,0,0,0,0,0,0,0,115221,3870
3900.0,0,11565,2148,10,0,0,0,0,0,0,0,115425,3900
3930.0,0,11565,2150,10,0,0,0,0,0,0,0,115632,3930
3960.0,0,11565,2152,10,0,0,0,0,0,0,0,115839,3960
3990.0,0,11565,2154,10,0,0,0,0,0,0,0,116049,3990
4020.0,0,11565,2156,10,0,0,0,0,0,0,0,116260,4020
4050.0,0,11565,2158,10,0,0,0,0,0,0,0,116473,4050
4080.0,0,11565,2160,11,0,0,0,0,0,0,0,116688,4080
4110.0,0,11565,2162,11,0,0,0,0,0,0,0,116905,4110
4140.0,0,11565,2164,11,0,0,0,0,0,0,0,117123,4140
4170.0,0,11565,2166,11,0,0,0,0,0,0,0,117343,4170
4200.0,0,11565,2168,11,0,0,0,0,0,0,0,117565,4200
4230.0,0,11565,2170,11,0,0,0,0,0,0,0,117789,4230
4260.0,0,11565,2172,11,0,0,0,0,0,0,0,118015,4260
4290.0,0,11565,2174,11,0,0,0,0,0,0,0,118243,4290
4320.0,0,11565,2176,11,0,0,0,0,0,0,0,118473,4320
4350.0,0,11565,2179,11,0,0,0,0,0,0,0,118704,4350
4380.0,0,11565,2181,11,0,0,0,0,0,0,0,118938,4380
4410.0,0,11565,2183,11,0,0,0,0,0,0,0,119173,4410
4440.0,0,11565,2185,12,0,0,0,0,0,0,0,119410,4440
4470.0,0,11565,2187,12,0,0,0,0,0,0,0,119650,4470
4500.0,0,11565,2189,12,0,0,0,0,0,0,0,119891,4500
4530.0,0,11565,2192,12,0,0,0,0,0,0,0,120134,4530
4560.0,0,11565,2194,12,0,0,0,0,0,0,0,120380,4560
4590.0,0,11565,2196,12,0,0,0,0,0,0,0,120627,4590
4620.0,0,11565,2198,12,0,0,0,0,0,0,0,120877,4620
4650.0,0,11565,2201,12,0,0,0,0,0,0,0,121129,4650
4680.0,0,11565,2203,12,0,0,0,0,0,0,0,121382,4680
4710.0,0,11565,2205,12,0,0,0,0,0,0,0,121638,4710
4740.0,0,11565,2208,12,0,0,0,0,0,0,0,121896,4740
4770.0,0,11565,2210,13,0,0,0,0,0,0,0,122156,4770
4800.0,0,11565,2212,13,0,0,0,0,0,0,0,122419,4800
4830.0,0,11565,2215,13,0,0,0,0,0,0,0,122683,4830
4860.0,0,11565,2217,13,0,0,0,0,0,0,0,122950,4860
4890.0,0,11565,2220,13,0,0,0,0,0,0,0,123219,4890
4920.0,0,11565,2222,13,0,0,0,0,0,0,0,123490,4920
4950.0,0,11565,2224,13,0,0,0,0,0,0,0,123763,4950
4980.0,12302,11565,2227,13,0,169,0,2539,0,0,0,124039,4980
5010.0,12303,11565,2229,13,0,170,0,7638,0,0,0,124317,5010
5040.0,12303,11565,2232,13,0,171,0,12773,0,0,0,124598,5040
5070.0,12303,11565,2235,14,0,173,0,17946,0,0,0,124880,5070
5100.0,12304,11565,2237,14,0,174,0,23156,0,0,0,125165,5100
5130.0,12304,11565,2240,14,0,175,0,28404,0,0,0,125453,5130
5160.0,12305,11565,2242,14,0,176,0,33690,0,0,0,125743,5160
5190.0,12305,11565,2245,14,0,178,0,39015,0,0,0,126035,5190
5220.0,12305,11565,2247,14,0,179,0,44378,0,0,0,126330,5220
5250.0,12306,11565,2250,14,0,180,0,49780,0,0,0,126627,5250
5280.0,12306,11565,2253,14,0,182,0,55220,0,0,0,126927,5280
5310.0,12307,11565,2255,14,0,183,0,60701,0,0,0,127229,5310
5340.0,12307,11565,2258,15,0,184,0,66220,0,0,0,127534,5340
5370.0,12307,11565,2261,15,0,185,0,71780,0,0,0,127841,5370
5400.0,12308,11565,2264,15,0,187,0,77380,0,0,0,128151,5400
5430.0,12308,11565,2266,15,0,188,0,83020,0,0,1,128464,5430
5460.0,0,11565,2267,1,0,0,0,85850,0,0,1,128497,5460
5490.0,0,11565,2267,1,0,0,0,85850,0,0,1,128530,5490
5520.0,0,11565,2267,1,0,0,0,85850,0,0,1,128564,5520
5550.0,0,11565,2268,1,0,0,0,85850,0,0,1,128598,5550
5580.0,0,11565,2268,1,0,0,0,85850,0,0,1,128632,5580
5610.0,0,11565,2268,1,0,0,0,85850,0,0,1,128666,5610
5640.0,0,11565,2268,1,0,0,0,85850,0,0,1,128701,5640
5670.0,0,11565,2269,1,0,0,0,85850,0,0,1,128736,5670
5700.0,0,11565,2269,1,0,0,0,85850,0,0,1,128771,5700
5730.0,0,11565,2269,1,0,0,0,85850,0,0,1,128806,5730
5760.0,0,11565,2270,1,0,0,0,85850,0,0,1,128842,5760
5790.0,0,11565,2270,1,0,0,0,85850,0,0,1,128878,5790
5820.0,0,11565,2270,1,0,0,0,85850,0,0,1,128914,5820
5850.0,0,11565,2271,1,0,0,0,85850,0,0,1,128951,5850
5880.0,0,11565,2271,1,0,0,0,85850,0,0,1,128987,5880
5910.0,0,11565,2271,1,0,0,0,85850,0,0,1,129024,5910
5940.0,0,11565,2272,1,0,0,0,85850,0,0,1,129061,5940
5970.0,0,11565,2272,1,0,0,0,85850,0,0,1,129099,5970
6000.0,0,11565,2272,1,0,0,0,85850,0,0,1,129137,6000
6030.0,12317,11565,2275,17,0,217,0,89113,0,0,1,129498,6030
6060.0,12318,11565,2279,17,0,219,0,95662,0,0,1,129863,6060
6090.0,12318,11565,2282,17,0,220,0,102257,0,0,1,130230,6090
6120.0,12319,11565,2285,18,0,222,0,108899,0,0,1,130601,6120
6150.0,12319,11565,2288,18,0,223,0,115589,0,0,1,130975,6150
6180.0,12320,11565,2292,18,0,225,0,122325,0,0,1,131352,6180
6210.0,12320,11565,2295,18,0,226,0,129109,0,0,1,131732,6210
6240.0,12321,11565,2298,18,0,228,0,135941,0,0,1,132116,6240
6270.0,12321,11565,2302,18,0,230,0,142821,0,0,1,132502,6270
6300.0,12322,11565,2305,18,0,231,0,149749,0,0,1,132892,6300
6330.0,12322,11565,2308,18,0,233,0,156726,0,0,1,133286,6330
6360.0,12323,11565,2312,19,0,235,0,163753,0,0,1,133682,6360
6390.0,12323,11565,2315,19,0,236,0,170828,0,0,1,134082,6390
6420.0,12324,11565,2319,19,0,238,0,177954,0,0,1,134486,6420
6450.0,0,11565,2320,6,0,0,0,181529,0,0,1,134623,6450
6480.0,0,11565,2321,6,0,0,0,181529,0,0,1,134761,6480
6510.0,0,11565,2322,6,0,0,0,181529,0,0,1,134901,6510
6540.0,12326,11565,2326,19,0,245,0,185205,0,0,1,135317,6540
6570.0,12326,11565,2330,20,0,246,0,192583,0,0,1,135736,6570
6600.0,12327,11565,2333,20,0,248,0,200013,0,0,1,136160,6600
6630.0,12327,11565,2337,20,0,250,0,207495,0,0,1,136586,6630
6660.0,12328,11565,2341,20,0,252,0,215029,0,0,1,137017,6660
6690.0,12328,11565,2344,20,0,253,0,222616,0,0,1,137451,6690
6720.0,12329,11565,2348,20,0,255,0,230256,0,0,1,137888,6720
6750.0,0,11565,2350,8,0,0,0,234089,0,0,1,138079,6750
6780.0,0,11565,2351,9,0,0,0,234089,0,0,1,138270,6780
6810.0,0,11565,2353,9,0,0,0,234089,0,0,1,138463,6810
6840.0,0,11565,2355,9,0,0,0,234089,0,0,1,138658,6840
6870.0,0,11565,2356,9,0,0,0,234089,0,0,1,138854,6870
6900.0,0,11565,2358,9,0,0,0,234089,0,0,1,139051,6900
6930.0,0,11565,2360,9,0,0,0,234089,0,0,1,139250,6930
6960.0,0,11565,2361,9,0,0,0,234089,0,0,1,139451,6960
6990.0,0,11565,2363,9,0,0,0,234089,0,0,1,139653,6990
7020.0,0,11565,2365,9,0,0,0,234089,0,0,1,139857,7020
7050.0,0,11565,2366,9,0,0,0,234089,0,0,1,140062,7050
7080.0,0,11565,2368,9,0,0,0,234089,0,0,1,140269,7080
7110.0,0,11565,2370,9,0,0,0,234089,0,0,1,140477,7110
7140.0,0,11565,2372,9,0,0,0,234089,0,0,1,140687,7140
7170.0,0,11565,2374,9,0,0,0,234089,0,0,1,140898,7170
7200.0,0,11565,2375,9,0,0,0,234089,0,0,1,141111,7200
7230.0,0,11565,2377,10,0,0,0,234089,0,0,1,141326,7230
7260.0,0,11565,2379,10,0,0,0,234089,0,0,1,141542,7260
7290.0,12340,11565,2383,23,0,291,0,238457,0,0,1,142048,7290
7320.0,12341,11565,2387,23,0,293,0,247225,0,0,1,142558,7320
7350.0,12341,11565,2392,23,0,295,0,256053,0,0,1,143073,7350
7380.0,12342,11565,2396,24,0,297,0,264941,0,0,1,143592,7380
7410.0,12342,11565,2400,24,0,299,0,273890,0,0,1,144115,7410
7440.0,12343,11565,2405,24,0,301,0,282900,0,0,1,144644,7440
7470.0,12344,11565,2409,24,0,303,0,291972,0,0,1,145176,7470
7500.0,12344,11565,2414,24,0,305,0,301105,0,0,1,145713,7500
7530.0,12345,11565,2418,24,0,307,0,310301,0,0,1,146255,7530
7560.0,12346,11565,2423,25,0,309,0,319560,0,0,1,146802,7560
7590.0,12346,11565,2427,25,0,311,0,328881,0,0,1,147353,7590
7620.0,12347,11565,2432,25,0,313,0,338266,0,0,1,147909,7620
7650.0,12348,11565,2436,25,0,316,0,347715,0,0,1,148470,7650
7680.0,12348,11565,2441,25,0,318,0,357228,0,0,1,149035,7680
7710.0,12349,11565,2446,25,0,320,0,366806,0,0,1,149606,7710
7740.0,12350,11565,2450,26,0,322,0,376449,0,0,1,150181,7740
7770.0,12350,11565,2455,26,0,324,0,386157,0,0,1,150762,7770
7800.0,12351,11565,2460,26,0,326,0,395930,0,0,1,151347,7800
7830.0,12352,11565,2465,26,0,329,0,405770,0,0,1,151938,7830
7860.0,12352,11565,2470,26,0,331,0,415677,0,0,1,152534,7860
7890.0,12353,11565,2474,27,0,333,0,425650,0,0,1,153134,7890
7920.0,12354,11565,2479,27,0,335,0,435691,0,0,1,153741,7920
7950.0,12354,11565,2484,27,0,338,0,445799,0,0,1,154352,7950
7980.0,12355,11565,2489,27,0,340,0,455976,0,0,1,154969,7980
8010.0,12356,11565,2494,27,0,342,0,466221,0,0,1,155591,8010
8040.0,12356,11565,2499,27,0,344,0,476535,0,0,1,156218,8040
8070.0,12357,11565,2504,28,0,347,0,486918,0,0,2,156851,8070
8100.0,12358,11565,2509,28,0,349,0,497371,0,0,2,157489,8100
8130.0,12359,11565,2515,28,0,351,0,507895,0,0,2,158133,8130
8160.0,12359,11565,2520,28,0,354,0,518488,0,0,2,158783,8160
8190.0,12360,11565,2525,28,0,356,0,529153,0,0,2,159438,8190
8220.0,12361,11565,2530,29,0,359,0,539890,0,0,2,160099,8220
8250.0,0,11565,2532,9,0,0,0,545276,0,0,2,160311,8250
8280.0,0,11565,2533,9,0,0,0,545276,0,0,2,160524,8280
8310.0,0,11565,2535,9,0,0,0,545276,0,0,2,160739,8310
8340.0,0,11565,2537,9,0,0,0,545276,0,0,2,160955,8340
8370.0,0,11565,2539,9,0,0,0,545276,0,0,2,161173,8370
8400.0,0,11565,2540,9,0,0,0,545276,0,0,2,161393,8400
8430.0,0,11565,2542,9,0,0,0,545276,0,0,2,161614,8430
8460.0,0,11565,2544,9,0,0,0,545276,0,0,2,161837,8460
8490.0,12368,11565,2549,30,0,381,0,550994,0,0,2,162544,8490
8520.0,12368,11565,2555,31,0,383,0,562468,0,0,2,163257,8520
8550.0,12369,11565,2561,31,0,386,0,574018,0,0,2,163976,8550
8580.0,12370,11565,2566,31,0,388,0,585645,0,0,2,164701,8580
8610.0,12371,11565,2572,31,0,391,0,597349,0,0,2,165433,8610
8640.0,12372,11565,2578,31,0,394,0,609130,0,0,2,166171,8640
8670.0,12372,11565,2583,32,0,396,0,620990,0,0,2,166915,8670
8700.0,12373,11565,2589,32,0,399,0,632927,0,0,2,167666,8700
8730.0,12374,11565,2595,32,0,401,0,644944,0,0,2,168424,8730
8760.0,12375,11565,2601,32,0,404,0,657040,0,0,2,169189,8760
8790.0,12376,11565,2607,32,0,407,0,669216,0,0,2,169960,8790
8820.0,12376,11565,2613,33,0,409,0,681471,0,0,2,170738,8820
8850.0,12377,11565,2619,33,0,412,0,693808,0,0,2,171523,8850
8880.0,12378,11565,2625,33,0,415,0,706226,0,0,2,172315,8880
8910.0,12379,11565,2631,33,0,418,0,718725,0,0,2,173113,8910
8940.0,12380,11565,2637,33,0,420,0,731307,0,0,2,173919,8940
8970.0,12381,11565,2643,34,0,423,0,743971,0,0,2,174732,8970
9000.0,12381,11565,2649,34,0,426,0,756718,0,0,2,175552,9000
9030.0,12382,11565,2656,34,0,429,0,769549,0,0,2,176380,9030
9060.0,12383,11565,2662,34,0,431,0,782464,0,0,2,177214,9060
9090.0,12384,11565,2668,35,0,434,0,795463,0,0,2,178056,9090
9120.0,12385,11565,2675,35,0,437,0,808547,0,0,2,178906,9120
9150.0,12386,11565,2681,35,0,440,0,821717,0,0,2,179763,9150
9180.0,12387,11565,2687,35,0,443,0,834972,0,0,2,180628,9180
9210.0,12388,11565,2694,36,0,446,0,848315,0,0,2,181500,9210
9240.0,12388,11565,2700,36,0,449,0,861744,0,0,2,182380,9240
9270.0,12389,11565,2707,36,0,452,0,875260,0,0,2,183268,9270
9300.0,12390,11565,2714,36,0,454,0,888864,0,0,2,184164,9300
9330.0,12391,11565,2720,36,0,457,0,902557,0,0,3,185068,9330
9360.0,12392,11565,2727,37,0,460,0,916339,0,0,3,185980,9360
9390.0,12393,11565,2734,37,0,463,0,930210,0,0,3,186899,9390
9420.0,12394,11565,2741,37,0,466,0,944171,0,0,3,187828,9420
9450.0,12395,11565,2747,37,0,469,0,958222,0,0,3,188764,9450
9480.0,12396,11565,2754,38,0,472,0,972365,0,0,3,189709,9480
9510.0,12397,11565,2761,38,0,475,0,986599,0,0,3,190662,9510
9540.0,12398,11565,2768,38,0,479,0,1000925,0,0,3,191623,9540
9570.0,12399,11565,2775,38,0,482,0,1015343,0,0,3,192593,9570
9600.0,12399,11565,2782,39,0,485,0,1029854,0,0,3,193572,9600
9630.0,12400,11565,2789,39,0,488,0,1044459,0,0,3,194560,9630
9660.0,12401,11565,2796,39,0,491,0,1059159,0,0,3,195556,9660
9690.0,12402,11565,2804,39,0,494,0,1073952,0,0,3,196562,9690
9720.0,12403,11565,2811,40,0,497,0,1088841,0,0,3,197576,9720
9750.0,12324,11565,2814,19,0,238,0,1099892,0,0,3,198066,9750
9780.0,12324,11565,2818,19,0,240,0,1107080,0,0,3,198561,9780
9810.0,12325,11565,2821,19,0,241,0,1114314,0,0,3,199059,9810
9840.0,12407,11565,2829,41,0,510,0,1125604,0,0,3,200106,9840
9870.0,12408,11565,2836,41,0,514,0,1140976,0,0,3,201162,9870
9900.0,12409,11565,2844,41,0,517,0,1156447,0,0,3,202228,9900
9930.0,12410,11565,2851,41,0,520,0,1172017,0,0,3,203303,9930
9960.0,12411,11565,2859,42,0,523,0,1187686,0,0,3,204388,9960
9990.0,12412,11565,2866,42,0,527,0,1203455,0,0,3,205482,9990
10020.0,12413,11565,2874,42,0,530,0,1219325,0,0,3,206587,10020
10050.0,12414,11565,2882,43,0,534,0,1235296,0,0,3,207701,10050
10080.0,12415,11565,2890,43,0,537,0,1251369,0,0,3,208826,10080
10110.0,12416,11565,2898,43,0,540,0,1267544,0,0,3,209960,10110
10140.0,12417,11565,2905,43,0,544,0,1283822,0,0,3,211105,10140
10170.0,12419,11565,2913,44,0,547,0,1300203,0,0,3,212260,10170
10200.0,12420,11565,2921,44,0,551,0,1316688,0,0,4,213426,10200
10230.0,12421,11565,2929,44,0,554,0,1333278,0,0,4,214602,10230
10260.0,12422,11565,2937,44,0,558,0,1349973,0,0,4,215789,10260
10290.0,12423,11565,2946,45,0,561,0,1366773,0,0,4,216986,10290
10320.0,12424,11565,2954,45,0,565,0,1383680,0,0,4,218194,10320
10350.0,12425,11565,2962,45,0,568,0,1400694,0,0,4,219413,10350
10380.0,12426,11565,2970,46,0,572,0,1417815,0,0,4,220643,10380
10410.0,12427,11565,2979,46,0,576,0,1435044,0,0,4,221884,10410
10440.0,12428,11565,2987,46,0,579,0,1452382,0,0,4,223137,10440
10470.0,12429,11565,2996,46,0,583,0,1469828,0,0,4,224401,10470
10500.0,12430,11565,3004,47,0,587,0,1487385,0,0,4,225676,10500
10530.0,12432,11565,3013,47,0,590,0,1505052,0,0,4,226963,10530
10560.0,12433,11565,3021,47,0,594,0,1522831,0,0,4,228261,10560
10590.0,12434,11565,3030,48,0,598,0,1540720,0,0,4,229571,10590
10620.0,12435,11565,3039,48,0,601,0,1558722,0,0,4,230893,10620
10650.0,12436,11565,3047,48,0,605,0,1576837,0,0,4,232227,10650
10680.0,12437,11565,3056,49,0,609,0,1595065,0,0,4,233573,10680
10710.0,12438,11565,3065,49,0,613,0,1613408,0,0,4,234932,10710
10740.0,12440,11565,3074,49,0,617,0,1631865,0,0,4,236302,10740
10770.0,12441,11565,3083,49,0,621,0,1650437,0,0,4,237686,10770
10800.0,12442,11565,3092,50,0,624,0,1669125,0,0,4,239081,10800
10830.0,12443,11565,3101,50,0,628,0,1687930,0,0,4,240490,10830
10860.0,12311,11565,3104,16,0,197,0,1700329,0,0,5,240939,10860
10890.0,12311,11565,3107,16,0,199,0,1706283,0,0,5,241390,10890
10920.0,12312,11565,3110,16,0,200,0,1712273,0,0,5,241846,10920
10950.0,12312,11565,3113,16,0,201,0,1718300,0,0,5,242304,10950
10980.0,12313,11565,3116,16,0,202,0,1724364,0,0,5,242766,10980
11010.0,12313,11565,3119,16,0,203,0,1730465,0,0,5,243230,11010
11040.0,12452,11565,3128,52,0,656,0,1743374,0,0,5,244713,11040
11070.0,12453,11565,3138,53,0,660,0,1763135,0,0,5,246209,11070
11100.0,12454,11565,3147,53,0,664,0,1783017,0,0,5,247719,11100
11130.0,12455,11565,3157,53,0,668,0,1803022,0,0,5,249243,11130
11160.0,12457,11565,3167,54,0,673,0,1823151,0,0,5,250780,11160
11190.0,12458,11565,3176,54,0,677,0,1843404,0,0,5,252332,11190
11220.0,12459,11565,3186,54,0,681,0,1863783,0,0,5,253898,11220
11250.0,12460,11565,3196,55,0,685,0,1884286,0,0,5,255479,11250
11280.0,12462,11565,3206,55,0,689,0,1904916,0,0,5,257074,11280
11310.0,12463,11565,3216,55,0,694,0,1925673,0,0,5,258683,11310
11340.0,12464,11565,3226,56,0,698,0,1946558,0,0,5,260308,11340
11370.0,12465,11565,3236,56,0,702,0,1967571,0,0,5,261947,11370
11400.0,12467,11565,3247,56,0,706,0,1988713,0,0,5,263601,11400
11430.0,12468,11565,3257,57,0,711,0,2009984,0,0,5,265271,11430
11460.0,12469,11565,3267,57,0,715,0,2031386,0,0,5,266956,11460
11490.0,12471,11565,3278,57,0,719,0,2052919,0,0,5,268657,11490
11520.0,12472,11565,3288,58,0,724,0,2074583,0,0,6,270373,11520
11550.0,12473,11565,3299,58,0,728,0,2096380,0,0,6,272105,11550
11580.0,12475,11565,3309,58,0,733,0,2118311,0,0,6,273853,11580
11610.0,12476,11565,3320,59,0,737,0,2140375,0,0,6,275617,11610
11640.0,12477,11565,3331,59,0,742,0,2162573,0,0,6,277397,11640
11670.0,12479,11565,3341,59,0,746,0,2184907,0,0,6,279194,11670
11700.0,12480,11565,3352,60,0,751,0,2207376,0,0,6,281007,11700
11730.0,12482,11565,3363,60,0,755,0,2229982,0,0,6,282837,11730
11760.0,12483,11565,3374,60,0,760,0,2252726,0,0,6,284684,11760
11790.0,12484,11565,3385,61,0,765,0,2275607,0,0,6,286548,11790
11820.0,12486,11565,3396,61,0,769,0,2298628,0,0,6,288430,11820
11850.0,12487,11565,3407,62,0,774,0,2321788,0,0,6,290328,11850
11880.0,12489,11565,3419,62,0,779,0,2345088,0,0,6,292244,11880
11910.0,12490,11565,3430,62,0,783,0,2368529,0,0,6,294178,11910
11940.0,12491,11565,3441,63,0,788,0,2392112,0,0,6,296130,11940
11970.0,12493,11565,3453,63,0,793,0,2415837,0,0,7,298100,11970
12000.0,12494,11565,3464,63,0,798,0,2439705,0,0,7,300088,12000
12030.0,12496,11565,3476,64,0,802,0,2463718,0,0,7,302095,12030
12060.0,12497,11565,3487,64,0,807,0,2487874,0,0,7,304120,12060
12090.0,12499,11565,3499,65,0,812,0,2512177,0,0,7,306164,12090
12120.0,12500,11565,3511,65,0,817,0,2536625,0,0,7,308227,12120
12150.0,12502,11565,3523,65,0,822,0,2561221,0,0,7,310309,12150
12180.0,12503,11565,3535,66,0,827,0,2585964,0,0,7,312410,12180
12210.0,12505,11565,3547,66,0,832,0,2610855,0,0,7,314531,12210
12240.0,12506,11565,3559,66,0,837,0,2635896,0,0,7,316672,12240
12270.0,12508,11565,3571,67,0,842,0,2661087,0,0,7,318832,12270
12300.0,12509,11565,3583,67,0,847,0,2686428,0,0,7,321013,12300
12330.0,12511,11565,3595,68,0,852,0,2711921,0,0,7,323213,12330
12360.0,12512,11573,3607,68,53,857,620,2737566,9302,72,8,325435,12360
12390.0,12514,11573,3620,68,53,862,623,2763364,27962,72,8,327677,12390
12420.0,12515,11573,3632,69,54,867,627,2789316,46734,72,8,329939,12420
12450.0,12517,11573,3645,69,54,872,631,2815422,65618,72,8,332223,12450
12480.0,12518,11573,3658,70,54,877,635,2841684,84615,72,8,334528,12480
12510.0,12520,11573,3670,70,55,883,638,2868102,103724,72,8,336854,12510
12540.0,12521,11573,3683,70,55,888,642,2894677,122948,72,8,339202,12540
12570.0,12523,11574,3696,71,55,893,646,2921410,142286,72,8,341572,12570
12600.0,12525,11574,3709,71,56,899,650,2948302,161739,72,8,343964,12600
12630.0,12526,11574,3722,72,56,904,654,2975353,181307,72,8,346379,12630
12660.0,12528,11574,3735,72,56,909,658,3002564,200991,72,8,348816,12660
12690.0,12529,11574,3748,73,57,915,661,3029936,220793,72,8,351275,12690
12720.0,12531,11574,3761,73,57,920,665,3057470,240711,72,9,353758,12720
12750.0,12533,11574,3774,73,57,925,669,3085166,260747,72,9,356263,12750
12780.0,12534,11575,3788,74,58,931,673,3113026,280902,72,9,358792,12780
12810.0,12536,11575,3801,74,58,936,677,3141050,301176,72,9,361345,12810
12840.0,12538,11575,3815,75,58,942,681,3169239,321570,72,9,363921,12840
12870.0,12539,11575,3828,75,59,947,685,3197595,342084,72,9,366522,12870
12900.0,0,11575,3830,8,0,0,0,3211814,352371,0,9,366804,12900
12930.0,0,11575,3831,8,0,0,0,3211814,352371,0,9,367087,12930
12960.0,0,11575,3833,8,0,0,0,3211814,352371,0,9,367373,12960
12990.0,0,11575,3834,8,0,0,0,3211814,352371,0,9,367660,12990
13020.0,0,11575,3836,8,0,0,0,3211814,352371,0,9,367949,13020
13050.0,0,11575,3837,8,0,0,0,3211814,352371,0,9,368240,13050
13080.0,0,11575,3839,8,0,0,0,3211814,352371,0,9,368532,13080
13110.0,0,11575,3840,8,0,0,0,3211814,352371,0,9,368826,13110
13140.0,0,11575,3842,8,0,0,0,3211814,352371,0,9,369122,13140
13170.0,0,11575,3844,8,0,0,0,3211814,352371,0,9,369420,13170
13200.0,0,11575,3845,8,0,0,0,3211814,352371,0,9,369720,13200
13230.0,0,11575,3847,8,0,0,0,3211814,352371,0,9,370021,13230
13260.0,0,11575,3848,8,0,0,0,3211814,352371,0,9,370325,13260
13290.0,0,11575,3850,8,0,0,0,3211814,352371,0,9,370630,13290
13320.0,0,11575,3851,8,0,0,0,3211814,352371,0,9,370937,13320
13350.0,0,11575,3853,8,0,0,0,3211814,352371,0,9,371246,13350
13380.0,0,11575,3855,8,0,0,0,3211814,352371,0,9,371557,13380
13410.0,0,11575,3856,9,0,0,0,3211814,352371,0,9,371869,13410
13440.0,12572,11576,3871,84,66,1058,766,3227694,363861,72,9,374798,13440
13470.0,12574,11576,3887,84,66,1064,770,3259547,386908,72,9,377755,13470
13500.0,12576,11576,3902,85,66,1070,774,3291584,410088,72,9,380740,13500
13530.0,12578,11577,3917,85,67,1077,779,3323806,433403,72,10,383753,13530
13560.0,12580,11577,3933,86,67,1083,783,3356213,456852,72,10,386796,13560
13590.0,12581,11577,3949,86,68,1089,788,3388808,480437,72,10,389868,13590
13620.0,12583,11577,3964,87,68,1095,792,3421590,504158,72,10,392969,13620
13650.0,12585,11577,3980,87,68,1102,797,3454561,528016,72,10,396100,13650
13680.0,12587,11577,3996,88,69,1108,802,3487722,552011,72,10,399262,13680
13710.0,12589,11578,4012,88,69,1114,806,3521073,576145,72,10,402453,13710
13740.0,12591,11578,4028,89,70,1121,811,3554615,600417,72,10,405675,13740
13770.0,12593,11578,4044,89,70,1127,816,3588350,624829,72,10,408928,13770
13800.0,12595,11578,4060,90,70,1134,820,3622278,649381,72,11,412212,13800
13830.0,12596,11578,4076,90,71,1140,825,3656400,674075,72,11,415528,13830
13860.0,12598,11578,4093,91,71,1147,830,3690718,698909,72,11,418876,13860
13890.0,12600,11579,4109,91,72,1153,834,3725231,723886,72,11,422256,13890
13920.0,12602,11579,4126,92,72,1160,839,3759941,749006,72,11,425668,13920
13950.0,12604,11579,4143,92,72,1166,844,3794850,774270,72,11,429113,13950
13980.0,12606,11579,4159,93,73,1173,849,3829957,799678,72,11,432591,13980
14010.0,12608,11579,4176,93,73,1180,854,3865265,825231,72,11,436103,14010
14040.0,12610,11579,4193,94,74,1186,859,3900773,850930,72,12,439648,14040
14070.0,12612,11580,4210,94,74,1193,863,3936483,876775,72,12,443227,14070
14100.0,12614,11580,4227,95,75,1200,868,3972396,902767,72,12,446841,14100
14130.0,12616,11580,4244,95,75,1207,873,4008512,928908,72,12,450489,14130
14160.0,12618,11580,4262,96,75,1214,878,4044833,955196,72,12,454173,14160
14190.0,12620,11580,4279,96,76,1221,883,4081360,981635,72,12,457891,14190
14220.0,12622,11581,4297,97,76,1227,888,4118094,1008223,72,12,461646,14220
14250.0,12624,11581,4314,97,77,1234,893,4155036,1034962,72,12,465436,14250
14280.0,12626,11581,4332,98,77,1241,898,4192186,1061852,72,13,469263,14280
14310.0,12628,11581,4350,98,78,1248,903,4229545,1088895,72,13,473127,14310
14340.0,12631,11581,4368,99,78,1255,909,4267116,1116091,72,13,477028,14340
14370.0,12633,11581,4386,99,78,1262,914,4304898,1143440,72,13,480966,14370
14400.0,12635,11582,4404,100,79,1270,919,4342893,1170944,72,13,484942,14400
14430.0,12637,11582,4422,101,79,1277,924,4381101,1198602,72,13,488957,14430
14460.0,12639,11582,4440,101,80,1284,929,4419524,1226417,72,13,493010,14460
14490.0,12641,11582,4459,102,80,1291,934,4458163,1254388,72,14,497101,14490
14520.0,12643,11582,4477,102,81,1298,940,4497018,1282517,72,14,501233,14520
14550.0,12645,11583,4496,103,81,1306,945,4536092,1310804,72,14,505403,14550
14580.0,12647,11583,4514,103,82,1313,950,4575384,1339249,72,14,509614,14580
14610.0,12650,11583,4533,104,82,1320,956,4614896,1367854,72,14,513865,14610
14640.0,12652,11583,4552,104,83,1328,961,4654628,1396620,72,14,518157,14640
14670.0,12654,11583,4571,105,83,1335,966,4694583,1425547,72,15,522491,14670
14700.0,12656,11584,4590,106,83,1342,972,4734760,1454635,72,15,526866,14700
14730.0,12658,11584,4609,106,84,1350,977,4775162,1483886,72,15,531283,14730
14760.0,12661,11584,4629,107,84,1357,983,4815788,1513301,72,15,535742,14760
14790.0,12663,11584,4648,107,85,1365,988,4856640,1542880,72,15,540244,14790
14820.0,12665,11584,4668,108,85,1373,994,4897720,1572623,72,15,544789,14820
14850.0,12667,11585,4687,108,86,1380,999,4939027,1602533,72,15,549378,14850
14880.0,12669,11585,4707,109,86,1388,1005,4980564,1632609,72,16,554011,14880
14910.0,12672,11585,4727,110,87,1396,1010,5022332,1662852,72,16,558689,14910
14940.0,12674,11585,4747,110,87,1403,1016,5064330,1693263,72,16,563411,14940
14970.0,12676,11585,4767,111,88,1411,1022,5106561,1723844,72,16,568178,14970
15000.0,12678,11586,4787,111,88,1419,1027,5149026,1754593,72,16,572992,15000
15030.0,12681,11586,4807,112,89,1427,1033,5191725,1785514,72,16,577851,15030
15060.0,12683,11586,4828,113,89,1435,1039,5234659,1816605,72,17,582757,15060
15090.0,12685,11586,4848,113,90,1443,1044,5277831,1847869,72,17,587711,15090
15120.0,12688,11587,4869,114,90,1450,1050,5321240,1879305,72,17,592711,15120
15150.0,12690,11587,4889,114,91,1458,1056,5364888,1910915,72,17,597760,15150
15180.0,12692,11587,4910,115,91,1466,1062,5408777,1942699,72,17,602857,15180
15210.0,12695,11587,4931,116,92,1475,1068,5452906,1974659,72,18,608003,15210
15240.0,12406,11587,4938,40,0,506,0,5482625,1990683,0,18,609815,15240
15270.0,12407,11587,4946,41,0,508,0,5497853,1990683,0,18,611640,15270
15300.0,12408,11587,4953,41,0,511,0,5513162,1990683,0,18,613477,15300
15330.0,12408,11587,4961,41,0,514,0,5528553,1990683,0,18,615327,15330
15360.0,12409,11587,4968,41,0,517,0,5544027,1990683,0,18,617189,15360
15390.0,12410,11587,4976,41,0,519,0,5559583,1990683,0,18,619064,15390
15420.0,12411,11587,4983,42,0,522,0,5575222,1990683,0,18,620951,15420
15450.0,12412,11587,4991,42,0,525,0,5590945,1990683,0,18,622851,15450
15480.0,12413,11587,4999,42,0,528,0,5606751,1990683,0,18,624765,15480
15510.0,12413,11587,5006,42,0,531,0,5622641,1990683,0,18,626691,15510
15540.0,12414,11587,5014,43,0,533,0,5638616,1990683,0,18,628630,15540
15570.0,12415,11587,5022,43,0,536,0,5654676,1990683,0,18,630583,15570
15600.0,12416,11587,5030,43,0,539,0,5670821,1990683,0,18,632549,15600
15630.0,12417,11587,5037,43,0,542,0,5687052,1990683,0,18,634528,15630
15660.0,12418,11587,5045,43,0,545,0,5703368,1990683,0,19,636521,15660
15690.0,12419,11587,5053,44,0,548,0,5719771,1990683,0,19,638527,15690
15720.0,12420,11587,5061,44,0,551,0,5736260,1990683,0,19,640547,15720
15750.0,12420,11587,5069,44,0,554,0,5752837,1990683,0,19,642580,15750
15780.0,12741,11589,5092,128,102,1635,1184,5785675,2008450,72,19,648449,15780
15810.0,12306,11589,5095,14,0,180,0,5812912,2026217,0,19,649122,15810
15840.0,12306,11589,5098,14,0,181,0,5818342,2026217,0,19,649798,15840
15870.0,12306,11589,5100,14,0,182,0,5823801,2026217,0,19,650479,15870
15900.0,12307,11589,5103,14,0,183,0,5829287,2026217,0,19,651163,15900
15930.0,12307,11589,5106,14,0,184,0,5834803,2026217,0,19,651851,15930
15960.0,12307,11589,5108,15,0,185,0,5840347,2026217,0,19,652543,15960
15990.0,12307,11589,5111,15,0,186,0,5845919,2026217,0,19,653239,15990
16020.0,12308,11589,5114,15,0,187,0,5851521,2026217,0,19,653939,16020
16050.0,12308,11589,5117,15,0,188,0,5857151,2026217,0,19,654643,16050
16080.0,12308,11589,5119,15,0,189,0,5862811,2026217,0,19,655350,16080
16110.0,12309,11589,5122,15,0,190,0,5868500,2026217,0,19,656062,16110
16140.0,12309,11589,5125,15,0,191,0,5874218,2026217,0,19,656778,16140
16170.0,12309,11589,5128,15,0,192,0,5879966,2026217,0,19,657498,16170
16200.0,12310,11589,5131,15,0,193,0,5885743,2026217,0,19,658222,16200
16230.0,12310,11589,5134,15,0,194,0,5891550,2026217,0,19,658951,16230
16260.0,12310,11589,5136,15,0,195,0,5897387,2026217,0,19,659683,16260
16290.0,12786,11590,5162,140,111,1790,1297,5927172,2045675,72,20,666173,16290
16320.0,12789,11591,5187,140,112,1800,1304,5981034,2084695,72,20,672728,16320
16350.0,12792,11591,5212,141,113,1809,1311,6035182,2123923,72,20,679349,16350
16380.0,12794,11591,5238,142,113,1819,1318,6089617,2163360,72,20,686037,16380
16410.0,12797,11592,5264,142,114,1828,1325,6144340,2203007,72,21,692791,16410
16440.0,12800,11592,5290,143,114,1838,1332,6199353,2242864,72,21,699613,16440
16470.0,12803,11592,5316,144,115,1848,1339,6254657,2282933,72,21,706503,16470
16500.0,12806,11592,5342,145,116,1858,1346,6310253,2323215,72,21,713462,16500
16530.0,12808,11593,5368,145,116,1867,1353,6366142,2363711,72,22,720490,16530
16560.0,12811,11593,5394,146,117,1877,1360,6422326,2404420,72,22,727589,16560
16590.0,12814,11593,5421,147,117,1887,1367,6478807,2445346,72,22,734759,16590
16620.0,12817,11593,5447,148,118,1897,1375,6535584,2486488,72,22,742000,16620
16650.0,12820,11594,5474,148,119,1907,1382,6592660,2527847,72,23,749313,16650
16680.0,12823,11594,5501,149,119,1917,1389,6650036,2569424,72,23,756699,16680
16710.0,12825,11594,5528,150,120,1927,1396,6707713,2611221,72,23,764159,16710
16740.0,12828,11595,5555,151,121,1937,1404,6765693,2653238,72,23,771693,16740
16770.0,12831,11595,5583,151,121,1947,1411,6823976,2695476,72,24,779302,16770
16800.0,12834,11595,5610,152,122,1958,1419,6882565,2737936,72,24,786987,16800
16830.0,12837,11595,5638,153,123,1968,1426,6941460,2780619,72,24,794748,16830
16860.0,12840,11596,5665,154,123,1978,1433,7000662,2823526,72,24,802587,16860
16890.0,12530,11586,5679,73,57,917,664,7044100,2855000,72,25,806324,16890
16920.0,12531,11586,5692,73,57,921,667,7071689,2874979,72,25,810089,16920
16950.0,12533,11586,5705,73,57,926,671,7099419,2895060,72,25,813881,16950
16980.0,12534,11586,5719,74,58,931,674,7127290,2915243,72,25,817701,16980
17010.0,12536,11586,5732,74,58,936,677,7155302,2935528,72,25,821549,17010
17040.0,12537,11587,5746,75,58,940,681,7183456,2955917,72,25,825425,17040
17070.0,12538,11587,5759,75,59,945,684,7211754,2976410,72,25,829330,17070
17100.0,12540,11587,5773,75,59,950,688,7240194,2997007,72,26,833263,17100
17130.0,12541,11587,5786,76,59,955,691,7268778,3017708,72,26,837225,17130
17160.0,12543,11587,5800,76,60,960,695,7297507,3038514,72,26,841216,17160
17190.0,12544,11587,5814,76,60,964,698,7326381,3059425,72,26,845237,17190
17220.0,12546,11587,5828,77,60,969,702,7355400,3080442,72,26,849286,17220
17250.0,12547,11587,5842,77,60,974,705,7384566,3101565,72,26,853366,17250
17280.0,12549,11588,5856,78,61,979,709,7413878,3122795,72,26,857475,17280
17310.0,12550,11588,5870,78,61,984,713,7443338,3144131,72,27,861614,17310
17340.0,12552,11588,5884,78,61,989,716,7472946,3165575,72,27,865784,17340
17370.0,12553,11588,5899,79,62,994,720,7502702,3187127,72,27,869984,17370
17400.0,12555,11588,5913,79,62,999,723,7532607,3208787,72,27,874216,17400
17430.0,12898,11600,5943,169,136,2182,1582,7580333,3243378,72,27,883244,17430
17460.0,12901,11600,5974,170,137,2193,1590,7645972,3290967,72,28,892362,17460
17490.0,12904,11600,6005,170,137,2204,1598,7711947,3338801,72,28,901573,17490
17520.0,12907,11600,6036,171,138,2216,1606,7778260,3386881,72,28,910876,17520
17550.0,12911,11601,6067,172,139,2227,1615,7844912,3435208,72,29,920272,17550
17580.0,12914,11601,6098,173,139,2238,1623,7911905,3483784,72,29,929762,17580
17610.0,12917,11601,6129,174,140,2250,1631,7979239,3532609,72,29,939348,17610
17640.0,12920,11602,6161,175,141,2261,1640,8046917,3581684,72,30,949029,17640
17670.0,12924,11602,6192,175,142,2273,1648,8114939,3631010,72,30,958807,17670
17700.0,12927,11602,6224,176,142,2284,1656,8183307,3680589,72,30,968683,17700
17730.0,12930,11603,6256,177,143,2296,1665,8252023,3730422,72,31,978658,17730
17760.0,12933,11603,6288,178,144,2307,1673,8321088,3780508,72,31,988732,17760
17790.0,12937,11603,6321,179,144,2319,1682,8390504,3830851,72,31,998907,17790
17820.0,12940,11604,6353,180,145,2331,1690,8460271,3881450,72,32,1009183,17820
17850.0,12943,11604,6386,181,146,2343,1699,8530392,3932307,72,32,1019561,17850
17880.0,12947,11604,6418,181,147,2355,1708,8600868,3983423,72,33,1030043,17880
17910.0,12950,11605,6451,182,147,2367,1716,8671699,4034798,72,33,1040629,17910
17940.0,12953,11605,6484,183,148,2378,1725,8742889,4086435,72,33,1051320,17940
17970.0,12957,11605,6518,184,149,2390,1734,8814438,4138334,72,34,1062117,17970
18000.0,12960,11606,6551,185,150,2402,1743,8886347,4190495,72,34,1073021,18000
18030.0,12963,11606,6584,186,150,2415,1751,8958618,4242921,72,34,1084034,18030
18060.0,12967,11606,6618,187,151,2427,1760,9031253,4295613,72,35,1095155,18060
18090.0,12970,11607,6652,188,152,2439,1769,9104253,4348570,72,35,1106387,18090
18120.0,12974,11607,6686,188,153,2451,1778,9177620,4401796,72,36,1117730,18120
18150.0,12977,11608,6720,189,153,2463,1787,9251355,4455290,72,36,1129185,18150
18180.0,12981,11608,6755,190,154,2476,1796,9325459,4509053,72,36,1140753,18180
18210.0,12984,11608,6789,191,155,2488,1805,9399934,4563088,72,37,1152435,18210
18240.0,12987,11609,6824,192,156,2501,1814,9474781,4617394,72,37,1164232,18240
18270.0,12991,11609,6858,193,157,2513,1823,9550003,4671973,72,38,1176146,18270
18300.0,12994,11609,6893,194,157,2526,1833,9625600,4726827,72,38,1188177,18300
18330.0,12998,11610,6929,195,158,2538,1842,9701575,4781956,72,39,1200326,18330
18360.0,13001,11610,6964,196,159,2551,1851,9777927,4837361,72,39,1212595,18360
18390.0,13005,11610,6999,197,160,2564,1860,9854660,4893044,72,39,1224984,18390
18420.0,13009,11611,7035,198,161,2576,1870,9931775,4949006,72,40,1237495,18420
18450.0,13012,11611,7071,199,161,2589,1879,10009272,5005247,72,40,1250128,18450
18480.0,13016,11612,7107,199,162,2602,1888,10087154,5061769,72,41,1262886,18480
18510.0,13019,11612,7143,200,163,2615,1898,10165423,5118574,72,41,1275768,18510
18540.0,13023,11612,7179,201,164,2628,1907,10244079,5175661,72,42,1288776,18540
18570.0,13026,11613,7216,202,165,2641,1917,10323124,5233033,72,42,1301912,18570
18600.0,13030,11613,7253,203,165,2654,1926,10402560,5290691,72,43,1315175,18600
18630.0,13034,11613,7289,204,166,2667,1936,10482388,5348635,72,43,1328569,18630
18660.0,12385,11613,7296,35,0,439,0,10528988,5377679,0,43,1330896,18660
18690.0,12386,11613,7302,35,0,441,0,10542192,5377679,0,43,1333236,18690
18720.0,12387,11613,7309,35,0,443,0,10555458,5377679,0,43,1335588,18720
18750.0,12387,11613,7315,35,0,445,0,10568787,5377679,0,43,1337954,18750
18780.0,12388,11613,7322,36,0,447,0,10582178,5377679,0,44,1340333,18780
18810.0,12389,11613,7328,36,0,449,0,10595631,5377679,0,44,1342725,18810
18840.0,12389,11613,7335,36,0,451,0,10609148,5377679,0,44,1345130,18840
18870.0,12390,11613,7341,36,0,453,0,10622727,5377679,0,44,1347549,18870
18900.0,12390,11613,7348,36,0,455,0,10636370,5377679,0,44,1349981,18900
18930.0,12391,11613,7355,36,0,457,0,10650076,5377679,0,44,1352426,18930
18960.0,12392,11613,7361,37,0,460,0,10663846,5377679,0,44,1354884,18960
18990.0,12392,11613,7368,37,0,462,0,10677680,5377679,0,44,1357357,18990
19020.0,12393,11613,7375,37,0,464,0,10691578,5377679,0,44,1359842,19020
19050.0,12394,11613,7381,37,0,466,0,10705541,5377679,0,44,1362342,19050
19080.0,12394,11613,7388,37,0,468,0,10719568,5377679,0,44,1364855,19080
19110.0,12395,11613,7395,37,0,470,0,10733660,5377679,0,45,1367382,19110
19140.0,13097,11616,7435,221,181,2898,2104,10784197,5409243,72,45,1382150,19140
19170.0,13101,11616,7475,222,182,2912,2114,10871357,5472524,72,46,1397065,19170
19200.0,13105,11617,7515,223,182,2926,2124,10958939,5536115,72,46,1412129,19200
19230.0,13109,11617,7556,224,183,2940,2135,11046946,5600015,72,47,1427342,19230
19260.0,13113,11618,7596,225,184,2954,2145,11135379,5664227,72,47,1442707,19260
19290.0,13117,11618,7637,226,185,2969,2156,11224239,5728752,72,48,1458224,19290
19320.0,13121,11618,7678,227,186,2983,2166,11313528,5793591,72,48,1473895,19320
19350.0,13125,11619,7719,228,187,2997,2177,11403248,5858745,72,49,1489721,19350
19380.0,13129,11619,7760,229,188,3012,2187,11493400,5924215,72,49,1505703,19380
19410.0,13133,11620,7802,230,189,3026,2198,11583986,5990003,72,50,1521843,19410
19440.0,13137,11620,7843,231,190,3041,2208,11675008,6056110,72,51,1538143,19440
19470.0,13141,11621,7885,232,190,3055,2219,11766467,6122537,72,51,1554603,19470
19500.0,13145,11621,7927,233,191,3070,2230,11858365,6189285,72,52,1571226,19500
19530.0,13149,11621,7969,234,192,3085,2241,11950704,6256356,72,52,1588012,19530
19560.0,13153,11622,8012,235,193,3100,2251,12043485,6323750,72,53,1604963,19560
19590.0,13157,11622,8055,236,194,3114,2262,12136710,6391470,72,54,1622081,19590
19620.0,13161,11623,8097,237,195,3129,2273,12230380,6459516,72,54,1639366,19620
19650.0,13165,11623,8140,238,196,3144,2284,12324498,6527889,72,55,1656821,19650
19680.0,13169,11624,8184,239,197,3159,2295,12419065,6596592,72,55,1674446,19680
19710.0,13173,11624,8227,240,198,3174,2306,12514083,6665624,72,56,1692244,19710
19740.0,13177,11625,8270,242,199,3189,2317,12609553,6734988,72,57,1710216,19740
19770.0,13181,11625,8314,243,200,3205,2328,12705478,6804684,72,57,1728363,19770
19800.0,13185,11625,8358,244,201,3220,2339,12801858,6874715,72,58,1746687,19800
19830.0,13190,11626,8402,245,202,3235,2351,12898695,6945080,72,59,1765190,19830
19860.0,13194,11626,8447,246,203,3250,2362,12995992,7015782,72,59,1783872,19860
19890.0,13198,11627,8491,247,204,3266,2373,13093750,7086822,72,60,1802736,19890
19920.0,13202,11627,8536,248,205,3281,2384,13191970,7158200,72,61,1821783,19920
19950.0,13206,11628,8581,249,206,3297,2396,13290654,7229919,72,61,1841015,19950
19980.0,13210,11628,8626,250,207,3312,2407,13389805,7301980,72,62,1860433,19980
20010.0,13215,11629,8671,251,208,3328,2419,13489424,7374383,72,63,1880038,20010
20040.0,13219,11629,8717,252,209,3344,2430,13589512,7447131,72,63,1899834,20040
20070.0,13223,11630,8763,254,209,3359,2442,13690071,7520224,72,64,1919820,20070
20100.0,13227,11630,8809,255,210,3375,2453,13791103,7593664,72,65,1939999,20100
20130.0,13232,11631,8855,256,211,3391,2465,13892610,7667452,72,66,1960373,20130
20160.0,13236,11631,8901,257,212,3407,2477,13994594,7741590,72,66,1980943,20160
20190.0,13240,11632,8948,258,213,3423,2488,14097055,7816078,72,67,2001710,20190
20220.0,13245,11632,8994,259,214,3439,2500,14199997,7890918,72,68,2022677,20220
20250.0,13249,11632,9041,260,215,3455,2512,14303420,7966112,72,69,2043845,20250
20280.0,13253,11633,9088,261,216,3471,2524,14407327,8041660,72,69,2065216,20280
20310.0,13258,11633,9136,263,217,3487,2536,14511719,8117564,72,70,2086791,20310
20340.0,13262,11634,9183,264,219,3504,2548,14616598,8193826,72,71,2108573,20340
20370.0,13266,11634,9231,265,220,3520,2559,14721966,8270446,72,72,2130563,20370
20400.0,13271,11635,9279,266,221,3536,2572,14827825,8347426,72,72,2152763,20400
20430.0,13275,11635,9327,267,222,3553,2584,14934175,8424767,72,73,2175174,20430
20460.0,12693,11616,9348,115,91,1467,1065,15009490,8479513,72,74,2184892,20460
20490.0,12695,11616,9369,116,92,1474,1070,15053619,8511552,72,74,2194673,20490
20520.0,12696,11616,9390,116,92,1480,1075,15097945,8543735,72,74,2204519,20520
20550.0,12698,11617,9411,117,92,1487,1079,15142468,8576061,72,75,2214429,20550
20580.0,12700,11617,9432,117,93,1493,1084,15187188,8608532,72,75,2224404,20580
20610.0,12702,11617,9453,118,93,1500,1089,15232107,8641147,72,75,2234444,20610
20640.0,13306,11638,9503,275,229,3669,2669,15309666,8697534,72,76,2257972,20640
20670.0,13311,11638,9553,276,230,3686,2681,15420020,8777806,72,77,2281724,20670
20700.0,13315,11639,9603,278,231,3703,2694,15530882,8858451,72,78,2305703,20700
20730.0,13320,11639,9653,279,232,3720,2706,15642254,8939471,72,79,2329910,20730
20760.0,13325,11640,9704,280,233,3738,2719,15754138,9020867,72,80,2354347,20760
20790.0,13329,11640,9755,281,234,3755,2732,15866536,9102641,72,80,2379017,20790
20820.0,13334,11641,9805,282,235,3772,2744,15979450,9184794,72,81,2403920,20820
20850.0,13338,11641,9857,284,236,3789,2757,16092882,9267327,72,82,2429059,20850
20880.0,13343,11642,9908,285,237,3807,2770,16206833,9350241,72,83,2454436,20880
20910.0,13347,11642,9960,286,239,3824,2782,16321305,9433539,72,84,2480053,20910
20940.0,13352,11643,10011,287,240,3841,2795,16436299,9517221,72,85,2505912,20940
20970.0,13357,11644,10063,288,241,3859,2808,16551819,9601289,72,86,2532015,20970
21000.0,13361,11644,10116,290,242,3877,2821,16667866,9685744,72,87,2558364,21000
21030.0,12688,11621,10136,114,90,1452,1055,16747810,9743895,72,87,2568797,21030
21060.0,12690,11622,10157,114,91,1458,1059,16791482,9775618,72,88,2579296,21060
21090.0,12692,11622,10178,115,91,1465,1064,16835344,9807479,72,88,2589860,21090
21120.0,12694,11622,10199,115,91,1471,1068,16879396,9839479,72,88,2600490,21120
21150.0,12696,11622,10219,116,92,1477,1073,16923639,9871617,72,89,2611186,21150
21180.0,12697,11622,10240,116,92,1484,1078,16968072,9903895,72,89,2621949,21180
21210.0,12699,11623,10262,117,93,1490,1082,17012698,9936313,72,89,2632779,21210
21240.0,12701,11623,10283,117,93,1497,1087,17057516,9968872,72,90,2643677,21240
21270.0,12703,11623,10304,118,93,1503,1092,17102527,10001571,72,90,2654642,21270
21300.0,12705,11623,10326,118,94,1510,1097,17147732,10034411,72,91,2665676,21300
21330.0,12707,11624,10347,119,94,1516,1101,17193131,10067393,72,91,2676779,21330
21360.0,12709,11624,10369,119,95,1523,1106,17238724,10100517,72,91,2687950,21360
21390.0,12711,11624,10390,120,95,1529,1111,17284513,10133784,72,92,2699192,21390
21420.0,12713,11624,10412,120,96,1536,1116,17330498,10167194,72,92,2710503,21420
21450.0,12714,11624,10434,121,96,1542,1120,17376680,10200747,72,93,2721885,21450
21480.0,12716,11625,10456,121,96,1549,1125,17423058,10234444,72,93,2733338,21480
21510.0,12718,11625,10478,122,97,1555,1130,17469635,10268285,72,93,2744861,21510
21540.0,13448,11650,10534,312,262,4204,3061,17556035,10331161,72,94,2774423,21540
21570.0,13452,11651,10591,313,263,4222,3075,17682442,10423208,72,96,2804264,21570
21600.0,13457,11651,10647,315,265,4241,3089,17809414,10515670,72,97,2834388,21600
21630.0,13462,11652,10704,316,266,4260,3102,17936951,10608549,72,98,2864798,21630
21660.0,13467,11652,10761,317,267,4279,3116,18065056,10701846,72,99,2895495,21660
21690.0,13472,11653,10800,319,268,4298,3130,18193731,10795563,72,100,2916000,21690
21720.0,13477,11654,10800,320,269,4317,3144,18322978,10889701,72,100,2916000,21720
21750.0,13482,11654,10800,321,271,4336,3159,18452798,10984262,72,100,2916000,21750
21780.0,13487,11655,10800,322,272,4356,3173,18583194,11079247,72,100,2916000,21780
21810.0,13492,11655,10800,324,273,4375,3187,18714167,11174657,72,100,2916000,21810
21840.0,13497,11656,10800,325,274,4394,3201,18845720,11270495,72,100,2916000,21840
21870.0,13502,11657,10800,326,275,4414,3216,18977854,11366761,72,100,2916000,21870
21900.0,13507,11657,10800,328,277,4433,3230,19110572,11463457,72,100,2916000,21900
21930.0,12780,11632,10800,138,110,1769,1286,19203619,11531211,72,100,2916000,21930
21960.0,12782,11633,10800,139,111,1776,1291,19256816,11569888,72,100,2916000,21960
21990.0,12784,11633,10800,139,111,1784,1297,19310235,11608729,72,100,2916000,21990
22020.0,12786,11633,10800,140,111,1791,1302,19363878,11647732,72,100,2916000,22020
22050.0,12789,11633,10800,140,112,1799,1308,19417745,11686899,72,100,2916000,22050
22080.0,12791,11634,10800,141,112,1806,1313,19471837,11726231,72,100,2916000,22080
22110.0,12793,11634,10800,141,113,1814,1319,19526155,11765727,72,100,2916000,22110
22140.0,12795,11634,10800,142,113,1821,1324,19580698,11805389,72,100,2916000,22140
22170.0,12797,11634,10800,142,114,1829,1330,19635469,11845216,72,100,2916000,22170
22200.0,12799,11635,10800,143,114,1837,1335,19690467,11885210,72,100,2916000,22200
22230.0,13564,11661,10800,342,290,4652,3390,19787805,11956110,72,100,2916000,22230
22260.0,13569,11662,10800,344,292,4672,3405,19927673,12058059,72,100,2916000,22260
22290.0,13574,11663,10800,345,293,4692,3420,20068150,12160457,72,100,2916000,22290
22320.0,13579,11663,10800,347,294,4713,3435,20209237,12263306,72,100,2916000,22320
22350.0,13585,11664,10800,348,295,4733,3450,20350937,12366607,72,100,2916000,22350
22380.0,13590,11665,10800,349,297,4754,3466,20493251,12470361,72,100,2916000,22380
22410.0,13595,11665,10800,351,298,4774,3481,20636182,12574571,72,100,2916000,22410
22440.0,13601,11666,10800,352,299,4795,3496,20779731,12679238,72,100,2916000,22440
22470.0,13606,11667,10800,353,301,4816,3511,20923901,12784363,72,100,2916000,22470
22500.0,13611,11667,10800,355,302,4836,3527,21068693,12889948,72,100,2916000,22500
22530.0,13617,11668,10800,356,303,4857,3542,21214109,12995994,72,100,2916000,22530
22560.0,13622,11669,10800,358,304,4878,3558,21360152,13102503,72,100,2916000,22560
22590.0,13627,11669,10800,359,306,4899,3573,21506823,13209476,72,100,2916000,22590
22620.0,13633,11670,10800,360,307,4920,3589,21654124,13316916,72,100,2916000,22620
22650.0,13638,11671,10800,362,308,4941,3604,21802058,13424822,72,100,2916000,22650
22680.0,13643,11671,10800,363,310,4962,3620,21950626,13533198,72,100,2916000,22680
22710.0,13649,11672,10800,365,311,4984,3636,22099830,13642044,72,100,2916000,22710
22740.0,13654,11673,10800,366,312,5005,3651,22249672,13751362,72,100,2916000,22740
22770.0,13660,11673,10800,367,314,5026,3667,22400155,13861154,72,100,2916000,22770
22800.0,13665,11674,10800,369,315,5048,3683,22551280,13971421,72,100,2916000,22800
22830.0,13671,11675,10800,370,316,5069,3699,22703050,14082164,72,100,2916000,22830
22860.0,13676,11675,10800,372,318,5091,3715,22855465,14193386,72,100,2916000,22860
22890.0,13682,11676,10800,373,319,5112,3731,23008529,14305088,72,100,2916000,22890
22920.0,13687,11677,10800,375,320,5134,3747,23162244,14417270,72,100,2916000,22920
22950.0,13693,11678,10800,376,322,5156,3763,23316610,14529936,72,100,2916000,22950
22980.0,13698,11678,10800,378,323,5178,3779,23471631,14643086,72,100,2916000,22980
23010.0,13704,11679,10800,379,325,5200,3795,23627308,14756722,72,100,2916000,23010
23040.0,13709,11680,10800,380,326,5222,3812,23783644,14870845,73,100,2916000,23040
23070.0,13715,11680,10800,382,327,5244,3828,23940640,14985458,73,100,2916000,23070
23100.0,13720,11681,10800,383,329,5266,3844,24098298,15100561,73,100,2916000,23100
23130.0,13726,11682,10800,385,330,5288,3861,24256621,15216156,73,100,2916000,23130
23160.0,13732,11683,10800,386,331,5310,3877,24415610,15332245,73,100,2916000,23160
23190.0,13737,11683,10800,388,333,5333,3894,24575268,15448829,73,100,2916000,23190
23220.0,13743,11684,10800,389,334,5355,3910,24735596,15565910,73,100,2916000,23220
23250.0,13748,11685,10800,391,336,5377,3927,24896596,15683490,73,100,2916000,23250
23280.0,13754,11685,10800,392,337,5400,3944,25058271,15801569,73,100,2916000,23280
23310.0,13760,11686,10800,394,338,5423,3961,25220623,15920150,73,100,2916000,23310
23340.0,13765,11687,10800,395,340,5445,3977,25383653,16039235,73,100,2916000,23340
23370.0,13771,11688,10800,397,341,5468,3994,25547364,16158824,73,100,2916000,23370
23400.0,13777,11688,10800,398,343,5491,4011,25711758,16278919,73,100,2916000,23400
23430.0,13783,11689,10800,400,344,5514,4028,25876836,16399522,73,100,2916000,23430
23460.0,13788,11690,10800,401,346,5536,4045,26042601,16520635,73,100,2916000,23460
23490.0,13794,11691,10800,403,347,5559,4062,26209055,16642259,73,100,2916000,23490
23520.0,13800,11691,10800,404,348,5583,4079,26376199,16764395,73,100,2916000,23520
23550.0,13806,11692,10800,406,350,5606,4096,26544036,16887046,73,100,2916000,23550
23580.0,13811,11693,10800,407,351,5629,4114,26712568,17010212,73,100,2916000,23580
23610.0,13817,11694,10800,409,353,5652,4131,26881798,17133896,73,100,2916000,23610
23640.0,13823,11695,10800,410,354,5675,4148,27051726,17258099,73,100,2916000,23640
23670.0,12947,11664,10800,181,147,2355,1717,27172195,17346086,72,100,2916000,23670
23700.0,12949,11664,10800,182,147,2364,1723,27242992,17397698,72,100,2916000,23700
23730.0,12952,11664,10800,183,148,2373,1730,27314065,17449513,72,100,2916000,23730
23760.0,12954,11665,10800,183,148,2382,1737,27385414,17501530,72,100,2916000,23760
23790.0,12957,11665,10800,184,149,2392,1744,27457040,17553751,72,100,2916000,23790
23820.0,12960,11665,10800,185,150,2401,1750,27528944,17606176,72,100,2916000,23820
23850.0,12962,11666,10800,185,150,2410,1757,27601125,17658805,72,100,2916000,23850
23880.0,12965,11666,10800,186,151,2420,1764,27673586,17711638,72,100,2916000,23880
23910.0,12967,11666,10800,187,151,2429,1771,27746327,17764677,72,100,2916000,23910
23940.0,12970,11666,10800,188,152,2438,1778,27819348,17817923,72,100,2916000,23940
23970.0,12973,11667,10800,188,153,2448,1785,27892650,17871374,72,100,2916000,23970
24000.0,12975,11667,10800,189,153,2457,1792,27966233,17925032,72,100,2916000,24000
24030.0,13900,11701,10800,430,374,5985,4377,28092878,18017574,73,100,2916000,24030
24060.0,13906,11702,10800,432,375,6009,4395,28272807,18149166,73,100,2916000,24060
24090.0,13912,11702,10800,433,377,6034,4413,28453465,18281300,73,100,2916000,24090
24120.0,13918,11703,10800,435,378,6058,4431,28634855,18413980,73,100,2916000,24120
24150.0,13924,11704,10800,436,380,6083,4449,28816980,18547205,73,100,2916000,24150
24180.0,13930,11705,10800,438,381,6107,4468,28999840,18680978,73,100,2916000,24180
24210.0,13936,11706,10800,440,383,6132,4486,29183438,18815300,73,100,2916000,24210
24240.0,13942,11707,10800,441,384,6156,4504,29367776,18950173,73,100,2916000,24240
24270.0,13948,11707,10800,443,386,6181,4523,29552856,19085599,73,100,2916000,24270
24300.0,13954,11708,10800,444,387,6206,4541,29738680,19221579,73,100,2916000,24300
24330.0,13960,11709,10800,446,389,6231,4560,29925251,19358114,73,100,2916000,24330
24360.0,13966,11710,10800,447,391,6256,4579,30112570,19495208,73,100,2916000,24360
24390.0,13972,11711,10800,449,392,6281,4597,30300639,19632860,73,100,2916000,24390
24420.0,13978,11712,10800,451,394,6306,4616,30489460,19771072,73,100,2916000,24420
24450.0,12625,11664,10800,98,77,1238,902,30602630,19853858,72,100,2916000,24450
24480.0,12627,11664,10800,98,77,1242,905,30639838,19880984,72,100,2916000,24480
24510.0,12628,11664,10800,98,77,1247,909,30677183,19908211,72,100,2916000,24510
24540.0,14003,11713,10800,457,400,6407,4691,30792005,19992217,73,100,2916000,24540
24570.0,14009,11714,10800,459,402,6433,4710,30984620,20133240,73,100,2916000,24570
24600.0,14015,11715,10800,460,403,6458,4729,31177999,20274833,73,100,2916000,24600
24630.0,14022,11716,10800,462,405,6484,4748,31372145,20416998,73,100,2916000,24630
24660.0,14028,11717,10800,464,406,6509,4767,31567060,20559736,73,100,2916000,24660
24690.0,14034,11718,10800,465,408,6535,4786,31762746,20703050,73,100,2916000,24690
24720.0,14040,11719,10800,467,410,6561,4805,31959205,20846941,73,100,2916000,24720
24750.0,14047,11720,10800,468,411,6587,4825,32156439,20991410,73,100,2916000,24750
24780.0,14053,11720,10800,470,413,6613,4844,32354450,21136459,73,100,2916000,24780
24810.0,14059,11721,10800,472,414,6639,4864,32553240,21282090,73,100,2916000,24810
24840.0,14065,11722,10800,473,416,6665,4883,32752811,21428304,73,100,2916000,24840
24870.0,14072,11723,10800,475,418,6691,4903,32953166,21575104,73,100,2916000,24870
24900.0,14078,11724,10800,477,419,6717,4922,33154307,21722490,73,100,2916000,24900
24930.0,14084,11725,10800,478,421,6744,4942,33356234,21870464,73,100,2916000,24930
24960.0,14091,11726,10800,480,423,6770,4961,33558951,22019029,73,100,2916000,24960
24990.0,14097,11727,10800,482,424,6796,4981,33762460,22168185,73,100,2916000,24990
25020.0,14103,11728,10800,483,426,6823,5001,33966762,22317934,73,100,2916000,25020
25050.0,14110,11729,10800,485,428,6849,5021,34171860,22468278,73,100,2916000,25050
25080.0,14116,11729,10800,487,429,6876,5041,34377756,22619219,73,100,2916000,25080
25110.0,14123,11730,10800,488,431,6903,5061,34584451,22770757,73,100,2916000,25110
25140.0,14129,11731,10800,490,433,6929,5081,34791948,22922896,73,100,2916000,25140
25170.0,14135,11732,10800,492,434,6956,5101,35000250,23075636,73,100,2916000,25170
25200.0,14142,11733,10800,493,436,6983,5121,35209357,23228979,73,100,2916000,25200
25230.0,14148,11734,10800,495,438,7010,5141,35419272,23382926,73,100,2916000,25230
25260.0,14155,11735,10800,497,439,7037,5161,35629997,23537481,73,100,2916000,25260
25290.0,14161,11736,10800,498,441,7064,5182,35841534,23692643,73,100,2916000,25290
25320.0,14168,11737,10800,500,443,7091,5202,36053885,23848414,73,100,2916000,25320
25350.0,14174,11738,10800,502,444,7119,5222,36267052,24004797,73,100,2916000,25350
25380.0,14181,11739,10800,503,446,7146,5243,36481038,24161793,73,100,2916000,25380
25410.0,14187,11740,10800,505,448,7173,5263,36695844,24319403,73,100,2916000,25410
25440.0,14194,11741,10800,507,450,7201,5284,36911472,24477630,73,100,2916000,25440
25470.0,14200,11742,10800,509,451,7228,5305,37127924,24636474,73,100,2916000,25470
25500.0,14207,11743,10800,510,453,7256,5325,37345203,24795938,73,100,2916000,25500
25530.0,14213,11744,10800,512,455,7284,5346,37563311,24956023,73,100,2916000,25530
25560.0,14220,11745,10800,514,456,7311,5367,37782248,25116730,73,100,2916000,25560
25590.0,14226,11745,10800,515,458,7339,5388,38002019,25278062,73,100,2916000,25590
25620.0,14233,11746,10800,517,460,7367,5409,38222623,25440020,73,100,2916000,25620
25650.0,14240,11747,10800,519,462,7395,5429,38444065,25602606,73,100,2916000,25650
25680.0,14246,11748,10800,521,463,7423,5451,38666345,25765821,73,100,2916000,25680
25710.0,14253,11749,10800,522,465,7451,5472,38889465,25929667,73,100,2916000,25710
25740.0,14259,11750,10800,524,467,7479,5493,39113428,26094145,73,100,2916000,25740
25770.0,14266,11751,10800,526,469,7507,5514,39338236,26259258,73,100,2916000,25770
25800.0,14273,11752,10800,527,470,7535,5535,39563891,26425007,73,100,2916000,25800
25830.0,14279,11753,10800,529,472,7564,5556,39790394,26591393,73,100,2916000,25830
25860.0,14286,11754,10800,531,474,7592,5578,40017748,26758418,73,100,2916000,25860
25890.0,14293,11755,10800,533,476,7621,5599,40245954,26926084,73,100,2916000,25890
25920.0,14299,11756,10800,534,478,7649,5620,40475016,27094392,73,100,2916000,25920
25950.0,14306,11757,10800,536,479,7678,5642,40704934,27263345,73,100,2916000,25950
25980.0,14313,11758,10800,538,481,7706,5664,40935711,27432943,73,100,2916000,25980
26010.0,14320,11759,10800,540,483,7735,5685,41167349,27603188,73,100,2916000,26010
26040.0,14326,11760,10800,541,485,7764,5707,41399850,27774082,73,100,2916000,26040
26070.0,14333,11761,10800,543,487,7793,5729,41633215,27945627,73,100,2916000,26070
26100.0,14340,11762,10800,545,488,7822,5750,41867447,28117824,73,100,2916000,26100
26130.0,14347,11764,10800,547,490,7851,5772,42102548,28290675,73,100,2916000,26130
26160.0,14353,11765,10800,549,492,7880,5794,42338520,28464182,73,100,2916000,26160
26190.0,14360,11766,10800,550,494,7909,5816,42575365,28638345,73,100,2916000,26190
26220.0,14367,11767,10800,552,496,7938,5838,42813084,28813167,73,100,2916000,26220
26250.0,14374,11768,10800,554,497,7967,5860,43051680,28988650,73,100,2916000,26250
26280.0,14381,11769,10800,556,499,7997,5882,43291155,29164794,73,100,2916000,26280
26310.0,14387,11770,10800,557,501,8026,5904,43531511,29341602,73,100,2916000,26310
26340.0,14394,11771,10800,559,503,8056,5926,43772750,29519076,73,100,2916000,26340
26370.0,14401,11772,10800,561,505,8085,5949,44014873,29697216,73,100,2916000,26370
26400.0,14408,11773,10800,563,507,8115,5971,44257882,29876025,73,100,2916000,26400
26430.0,14415,11774,10800,565,509,8144,5993,44501781,30055503,73,100,2916000,26430
26460.0,12469,11774,10800,57,0,714,0,44634665,30145411,0,100,2916000,26460
26490.0,12470,11774,10800,57,0,716,0,44656125,30145411,0,100,2916000,26490
26520.0,12470,11774,10800,57,0,718,0,44677653,30145411,0,100,2916000,26520
26550.0,12471,11774,10800,57,0,721,0,44699251,30145411,0,100,2916000,26550
26580.0,12472,11774,10800,58,0,723,0,44720918,30145411,0,100,2916000,26580
26610.0,12472,11774,10800,58,0,725,0,44742655,30145411,0,100,2916000,26610
26640.0,12473,11774,10800,58,0,728,0,44764461,30145411,0,100,2916000,26640
26670.0,12474,11774,10800,58,0,730,0,44786337,30145411,0,100,2916000,26670
26700.0,12475,11774,10800,58,0,732,0,44808282,30145411,0,100,2916000,26700
26730.0,12475,11774,10800,58,0,734,0,44830297,30145411,0,100,2916000,26730
26760.0,12476,11774,10800,59,0,737,0,44852382,30145411,0,100,2916000,26760
26790.0,12477,11774,10800,59,0,739,0,44874537,30145411,0,100,2916000,26790
26820.0,12477,11774,10800,59,0,741,0,44896762,30145411,0,100,2916000,26820
26850.0,12478,11774,10800,59,0,744,0,44919057,30145411,0,100,2916000,26850
26880.0,12479,11774,10800,59,0,746,0,44941422,30145411,0,100,2916000,26880
26910.0,12479,11774,10800,60,0,749,0,44963858,30145411,0,100,2916000,26910
26940.0,12480,11774,10800,60,0,751,0,44986364,30145411,0,100,2916000,26940
26970.0,12481,11774,10800,60,0,753,0,45008940,30145411,0,100,2916000,26970
27000.0,14547,11780,10800,599,545,8720,6420,45151054,30241724,73,100,2916000,27000
27030.0,14554,11781,10800,601,546,8751,6444,45413134,30434703,73,100,2916000,27030
27060.0,14561,11783,10800,603,548,8782,6467,45676143,30628384,73,100,2916000,27060
27090.0,14568,11784,10800,604,550,8813,6491,45940084,30822770,73,100,2916000,27090
27120.0,14575,11785,10800,606,552,8844,6514,46204957,31017862,73,100,2916000,27120
27150.0,14582,11786,10800,608,554,8875,6538,46470765,31213661,73,100,2916000,27150
27180.0,14589,11787,10800,610,556,8907,6562,46737510,31410170,73,100,2916000,27180
27210.0,14596,11788,10800,612,558,8938,6585,47005194,31607390,73,100,2916000,27210
27240.0,14603,11789,10800,614,560,8969,6609,47273818,31805322,73,100,2916000,27240
27270.0,14610,11791,10800,616,562,9001,6633,47543384,32003968,73,100,2916000,27270
27300.0,14617,11792,10800,617,564,9032,6657,47813895,32203329,73,100,2916000,27300
27330.0,14625,11793,10800,619,566,9064,6681,48085351,32403408,73,100,2916000,27330
27360.0,14632,11794,10800,621,568,9095,6705,48357756,32604205,73,100,2916000,27360
27390.0,14639,11795,10800,623,570,9127,6729,48631110,32805723,73,100,2916000,27390
27420.0,12905,11731,10800,171,138,2208,1619,48801157,32930954,73,100,2916000,27420
27450.0,12907,11731,10800,171,138,2215,1624,48867523,32979614,73,100,2916000,27450
27480.0,12909,11731,10800,172,138,2222,1629,48934098,33028428,73,100,2916000,27480
27510.0,12911,11732,10800,172,139,2229,1634,49000881,33077396,73,100,2916000,27510
27540.0,12913,11732,10800,173,139,2236,1639,49067872,33126518,73,100,2916000,27540
27570.0,12915,11732,10800,173,140,2243,1645,49135072,33175794,73,100,2916000,27570
27600.0,12917,11732,10800,174,140,2250,1650,49202481,33225225,73,100,2916000,27600
27630.0,12919,11733,10800,174,141,2257,1655,49270099,33274810,73,100,2916000,27630
27660.0,12921,11733,10800,175,141,2264,1660,49337927,33324551,73,100,2916000,27660
27690.0,12923,11733,10800,175,141,2271,1665,49405965,33374446,73,100,2916000,27690
27720.0,12925,11734,10800,176,142,2278,1670,49474212,33424497,73,100,2916000,27720
27750.0,12927,11734,10800,176,142,2285,1676,49542671,33474703,73,100,2916000,27750
27780.0,12929,11734,10800,177,143,2292,1681,49611339,33525065,73,100,2916000,27780
27810.0,12931,11734,10800,177,143,2299,1686,49680219,33575583,73,100,2916000,27810
27840.0,12933,11735,10800,178,144,2306,1691,49749310,33626257,73,100,2916000,27840
27870.0,12935,11735,10800,178,144,2313,1696,49818613,33677087,73,100,2916000,27870
27900.0,12937,11735,10800,179,145,2320,1702,49888127,33728074,73,100,2916000,27900
27930.0,12939,11736,10800,179,145,2327,1707,49957853,33779218,73,100,2916000,27930
27960.0,12941,11736,10800,180,145,2334,1712,50027792,33830518,73,100,2916000,27960
27990.0,12943,11736,10800,180,146,2341,1717,50097942,33881976,73,100,2916000,27990
28020.0,14790,11807,10800,663,612,9806,7237,50280176,34016303,73,100,2916000,28020
28050.0,14798,11808,10800,664,614,9839,7262,50574880,34233798,73,100,2916000,28050
28080.0,14805,11810,10800,666,617,9873,7287,50870575,34452048,73,100,2916000,28080
28110.0,14812,11811,10800,668,619,9906,7312,51167262,34671053,73,100,2916000,28110
28140.0,14820,11812,10800,670,621,9939,7338,51464944,34890816,73,100,2916000,28140
28170.0,14827,11813,10800,672,623,9972,7363,51763621,35111338,73,100,2916000,28170
28200.0,13293,11754,10800,272,226,3619,2659,51967507,35261680,73,100,2916000,28200
28230.0,13296,11755,10800,273,226,3630,2667,52076270,35341587,73,100,2916000,28230
28260.0,13299,11755,10800,273,227,3642,2675,52185366,35421741,73,100,2916000,28260
28290.0,13302,11756,10800,274,228,3653,2684,52294795,35502142,73,100,2916000,28290
28320.0,13305,11756,10800,275,229,3664,2692,52404557,35582792,73,100,2916000,28320
28350.0,13308,11756,10800,276,229,3675,2700,52514652,35663690,73,100,2916000,28350
28380.0,13311,11757,10800,276,230,3686,2709,52625082,35744836,73,100,2916000,28380
28410.0,13314,11757,10800,277,231,3697,2717,52735846,35826231,73,100,2916000,28410
28440.0,13317,11758,10800,278,231,3708,2725,52846945,35907876,73,100,2916000,28440
28470.0,14900,11821,10800,691,644,10307,7615,53057194,36062995,73,100,2916000,28470
28500.0,14908,11822,10800,693,646,10341,7641,53366933,36291851,73,100,2916000,28500
28530.0,14915,11823,10800,695,648,10375,7667,53677688,36521484,73,100,2916000,28530
28560.0,14923,11825,10800,697,650,10409,7693,53989460,36751893,73,100,2916000,28560
28590.0,14930,11826,10800,699,652,10443,7719,54302251,36983082,73,100,2916000,28590
28620.0,14937,11827,10800,701,654,10477,7745,54616062,37215050,73,100,2916000,28620
28650.0,14945,11829,10800,703,656,10511,7771,54930894,37447801,73,100,2916000,28650
28680.0,14952,11830,10800,705,659,10545,7797,55246750,37681334,73,100,2916000,28680
28710.0,14960,11831,10800,707,661,10579,7823,55563631,37915651,73,100,2916000,28710
28740.0,12658,11745,10800,106,84,1350,991,55742591,38047881,73,100,2916000,28740
28770.0,12660,11745,10800,107,84,1354,994,55783174,38077673,73,100,2916000,28770
28800.0,12661,11745,10800,107,84,1358,997,55823871,38107549,73,100,2916000,28800
